papel,ticker_img
bbas3,https://investidor10.com.br/storage/companies/66ad149f52cd4.jpg
azul4,https://investidor10.com.br/storage/companies/66db24b1839ea.jpg
cogn3,https://investidor10.com.br/storage/companies/6822c6161bd41.png
wege3,https://investidor10.com.br/storage/companies/66ad4109e41c8.jpg
petr4,https://investidor10.com.br/storage/companies/63d2c9ead34db.jpg
bbdc4,https://investidor10.com.br/storage/companies/66ad14dc6e8ce.jpg
b3sa3,https://investidor10.com.br/storage/companies/66cc9bbe835dc.jpg
mglu3,https://investidor10.com.br/storage/companies/66db00b69d4ad.jpg
raiz4,https://investidor10.com.br/storage/companies/67b611aa30998.png
asai3,https://investidor10.com.br/storage/companies/66db00ee1c5a6.jpg
abev3,https://investidor10.com.br/storage/companies/66ad41a6082c3.jpg
vbbr3,https://investidor10.com.br/storage/companies/677fd4c260a54.png
stbp3,https://investidor10.com.br/storage/companies/66db00d708456.jpg
mrve3,https://investidor10.com.br/storage/companies/66db00593c19d.jpg
vale3,https://investidor10.com.br/storage/companies/66d8a81d2f056.jpg
usim5,https://investidor10.com.br/storage/companies/66cc984b13166.jpg
itub4,https://investidor10.com.br/storage/companies/66ace9528ffb2.jpg
cvcb3,https://investidor10.com.br/storage/companies/66db003d7bd3c.jpg
itsa4,https://investidor10.com.br/storage/companies/66ad451089033.jpg
movi3,https://investidor10.com.br/storage/companies/676570d95f42e.png
vamo3,https://investidor10.com.br/storage/companies/66db245411a34.jpg
lren3,https://investidor10.com.br/storage/companies/66d8ad73e5206.jpg
csan3,https://investidor10.com.br/storage/companies/66d9ad5180e2e.jpg
beef3,https://investidor10.com.br/storage/companies/68235f684bf4e.png
ggbr4,https://investidor10.com.br/storage/companies/66cc914eb1231.jpg
cyre3,https://investidor10.com.br/storage/companies/66d9ad3f64d85.jpg
motv3,https://investidor10.com.br/storage/companies/66d9ae2305446.jpg
cmig4,https://investidor10.com.br/storage/companies/66cc977d99912.jpg
pomo4,https://investidor10.com.br/storage/companies/66d9a9c3082e8.jpg
csna3,https://investidor10.com.br/storage/companies/66d99e1c6bab5.jpg
aure3,https://investidor10.com.br/storage/companies/66d8d54b7b419.jpg
rail3,https://investidor10.com.br/storage/companies/66d8ad9dc1a77.jpg
ugpa3,https://investidor10.com.br/storage/companies/66cc9fcf3f7ff.jpg
pcar3,https://investidor10.com.br/storage/companies/65d34fe0d61b9.jpg
rent3,https://investidor10.com.br/storage/companies/66d8adc3dd336.jpg
brav3,https://investidor10.com.br/storage/companies/66db244b3edeb.jpg
bpac11,https://investidor10.com.br/storage/companies/66cc8e7c56df1.jpg
radl3,https://investidor10.com.br/storage/companies/66d8add078b0d.jpg
cple6,https://investidor10.com.br/storage/companies/66db019a1b27d.jpg
prio3,https://investidor10.com.br/storage/companies/6838b0584e524.png
tots3,https://investidor10.com.br/storage/companies/66db015d296c8.jpg
vivt3,https://investidor10.com.br/storage/companies/66cca176ba537.jpg
bhia3,https://investidor10.com.br/storage/companies/65312fe0d5400.jpg
lwsa3,https://investidor10.com.br/storage/companies/5ea348a5ababf.jpeg
hbsa3,https://investidor10.com.br/storage/companies/6840797caea7e.jpg
bbdc3,https://investidor10.com.br/storage/companies/66ad14dc6e8ce.jpg
goau4,https://investidor10.com.br/storage/companies/66cc921a1cab9.jpg
embr3,https://investidor10.com.br/storage/companies/66cc9c0ed8e85.jpg
rcsl4,https://investidor10.com.br/storage/companies/5f5b989c56fe8.jpeg
ifcm3,https://investidor10.com.br/storage/companies/6840864562ccc.jpg
klbn11,https://investidor10.com.br/storage/companies/66ad48f2d9336.jpg
azte3,https://investidor10.com.br/acoes/azte3/assets/images/notfoundthumbnail.png
cmin3,https://investidor10.com.br/storage/companies/66d99e13a887b.jpg
rapt4,https://investidor10.com.br/storage/companies/66d9ad2912681.jpg
petr3,https://investidor10.com.br/storage/companies/63d2c9ead34db.jpg
mrfg3,https://investidor10.com.br/storage/companies/66cc9fa29cc12.jpg
srna3,https://investidor10.com.br/storage/companies/5ed6844e80925.jpeg
bbse3,https://investidor10.com.br/storage/companies/66ad17f2062be.jpg
elet3,https://investidor10.com.br/storage/companies/66d8b1a3dba6c.jpg
cxse3,https://investidor10.com.br/storage/companies/64df60a96bf0e.jpg
smft3,https://investidor10.com.br/storage/companies/66d8ad88a54e5.jpg
petz3,https://investidor10.com.br/storage/companies/66db241d2010d.jpg
eqtl3,https://investidor10.com.br/storage/companies/66d8ada9cd6d8.jpg
cash3,https://investidor10.com.br/storage/companies/66db243727a49.jpg
brkm5,https://investidor10.com.br/storage/companies/66cca010e7887.jpg
mult3,https://investidor10.com.br/storage/companies/66d9ad67d4aae.jpg
tims3,https://investidor10.com.br/storage/companies/66d8ad4fc3785.jpg
enev3,https://investidor10.com.br/storage/companies/66db0177e6bcc.jpg
yduq3,https://investidor10.com.br/storage/companies/684086579befb.jpg
brap4,https://investidor10.com.br/storage/companies/66ad44c9a1fad.jpg
igti11,https://investidor10.com.br/storage/companies/5f4d37d5906d8.jpeg
rdor3,https://investidor10.com.br/storage/companies/68824d679964b.png
azev4,https://investidor10.com.br/storage/companies/684083f5071cf.jpg
hapv3,https://investidor10.com.br/storage/companies/68407bba7a326.jpg
anim3,https://investidor10.com.br/storage/companies/66d9aa10b3afb.jpg
jhsf3,https://investidor10.com.br/storage/companies/66d8d4ad3737f.jpg
flry3,https://investidor10.com.br/storage/companies/66cc973fb53f5.jpg
alos3,https://investidor10.com.br/storage/companies/6723e57717a6e.jpg
suzb3,https://investidor10.com.br/storage/companies/66d8ade633667.jpg
brfs3,https://investidor10.com.br/storage/companies/66d8ad93e2fc3.jpg
sbsp3,https://investidor10.com.br/storage/companies/66d8addba39a7.jpg
azev3,https://investidor10.com.br/storage/companies/684083f5071cf.jpg
simh3,https://investidor10.com.br/storage/companies/5fe8c81f5fafd.jpeg
ceab3,https://investidor10.com.br/storage/companies/66db2544e7656.jpg
dxco3,https://investidor10.com.br/storage/companies/66db25389335d.jpg
arml3,https://investidor10.com.br/storage/companies/66db24bde9026.jpg
neoe3,https://investidor10.com.br/storage/companies/66cca281b61a3.jpg
csmg3,https://investidor10.com.br/storage/companies/66ad521aedb01.jpg
ggps3,https://investidor10.com.br/storage/companies/66db24a0bf60f.jpg
sanb11,https://investidor10.com.br/storage/companies/66cc9b5c46f92.jpg
viva3,https://investidor10.com.br/storage/companies/66cc9e6a04778.jpg
ecor3,https://investidor10.com.br/storage/companies/68824c90f0fa6.png
intb3,https://investidor10.com.br/storage/companies/66d9ad7353e55.jpg
port3,https://investidor10.com.br/storage/companies/6840840ad8b56.jpg
engi11,https://investidor10.com.br/storage/companies/66db014937944.jpg
grnd3,https://investidor10.com.br/storage/companies/64ee626cb2710.jpg
oibr3,https://investidor10.com.br/storage/companies/66db00a85b7d3.jpg
ljqq3,https://investidor10.com.br/storage/companies/6840843964d31.jpg
cple3,https://investidor10.com.br/storage/companies/66db019a1b27d.jpg
cbav3,https://investidor10.com.br/storage/companies/60bf873780a78.jpg
hype3,https://investidor10.com.br/storage/companies/66db015314855.jpg
hbor3,https://investidor10.com.br/storage/companies/675755314bad5.png
amer3,https://investidor10.com.br/storage/companies/611c25535b024.jpg
tend3,https://investidor10.com.br/storage/companies/5eb1de0700bb5.jpeg
azza3,https://investidor10.com.br/storage/companies/66abbf37bd877.jpg
irbr3,https://investidor10.com.br/storage/companies/66db008f0bcc8.jpg
brsr6,https://investidor10.com.br/storage/companies/649ca5d54538a.jpg
recv3,https://investidor10.com.br/storage/companies/66d8b1bc8d813.jpg
slce3,https://investidor10.com.br/storage/companies/66db26016db72.jpg
tgma3,https://investidor10.com.br/storage/companies/5eea7f07ace51.jpeg
qual3,https://investidor10.com.br/storage/companies/66db00718ffed.jpg
klbn4,https://investidor10.com.br/storage/companies/66ad48f2d9336.jpg
gmat3,https://investidor10.com.br/storage/companies/66db01374f06e.jpg
kepl3,https://investidor10.com.br/storage/companies/66d9ad48932fb.jpg
cpfe3,https://investidor10.com.br/storage/companies/66db01a89233f.jpg
dirr3,https://investidor10.com.br/storage/companies/67729b42f0c8e.png
pssa3,https://investidor10.com.br/storage/companies/66cc96cd93f1c.jpg
cury3,https://investidor10.com.br/storage/companies/67729b01c2f6f.png
mlas3,https://investidor10.com.br/storage/companies/649dd8ba45975.jpg
sbfg3,https://investidor10.com.br/storage/companies/66cc9f10a1da1.jpg
isae4,https://investidor10.com.br/storage/companies/673b2f70c4356.jpg
sapr11,https://investidor10.com.br/storage/companies/66d9ad202d185.jpg
ligt3,https://investidor10.com.br/storage/companies/66db0062a50fa.jpg
onco3,https://investidor10.com.br/storage/companies/66db252f5d753.jpg
tten3,https://investidor10.com.br/storage/companies/66d232b221a20.jpg
posi3,https://investidor10.com.br/storage/companies/66d9a92875dce.jpg
eztc3,https://investidor10.com.br/storage/companies/66db257196811.jpg
plpl3,https://investidor10.com.br/storage/companies/66db2412b8386.jpg
smto3,https://investidor10.com.br/storage/companies/66d9ad3424cfe.jpg
vveo3,https://investidor10.com.br/storage/companies/66cc8a26ee224.jpg
bpan4,https://investidor10.com.br/storage/companies/66db00fbb3251.jpg
dasa3,https://investidor10.com.br/storage/companies/66db24a8bf568.jpg
taee11,https://investidor10.com.br/storage/companies/682343dd0d259.png
alpa4,https://investidor10.com.br/storage/companies/684083dfea35c.jpg
odpv3,https://investidor10.com.br/storage/companies/66cc97d80d31f.jpg
guar3,https://investidor10.com.br/storage/companies/66db247a2ca04.jpg
usim3,https://investidor10.com.br/storage/companies/66cc984b13166.jpg
fras3,https://investidor10.com.br/storage/companies/66d9ad7c38495.jpg
abcb4,https://investidor10.com.br/storage/companies/6781530224ba5.png
bmgb4,https://investidor10.com.br/storage/companies/66d9a94bc4c89.jpg
meal3,https://investidor10.com.br/storage/companies/649ca9abe1ce7.jpg
shul4,https://investidor10.com.br/storage/companies/66d9a90a47b9d.jpg
syne3,https://investidor10.com.br/storage/companies/66d8d5b06b7a3.jpg
egie3,https://investidor10.com.br/storage/companies/688247d7d726f.png
pgmn3,https://investidor10.com.br/storage/companies/5fe8cf0c5cbaf.jpeg
mypk3,https://investidor10.com.br/storage/companies/66db2557eeaee.jpg
sapr4,https://investidor10.com.br/storage/companies/66d9ad202d185.jpg
caml3,https://investidor10.com.br/storage/companies/649ca7d7ebe7a.jpg
tasa4,https://investidor10.com.br/storage/companies/5ebda9027574c.jpeg
soja3,https://investidor10.com.br/storage/companies/66d9a9aca345f.jpg
rani3,https://investidor10.com.br/storage/companies/647fbc819194a.jpg
mtre3,https://investidor10.com.br/storage/companies/66db2589dc26e.jpg
jall3,https://investidor10.com.br/storage/companies/678152f01a353.png
vulc3,https://investidor10.com.br/storage/companies/66ad46199b867.jpg
alup11,https://investidor10.com.br/storage/companies/5e9e64dcd6771.jpeg
enju3,https://investidor10.com.br/storage/companies/66db2426304ed.jpg
bmob3,https://investidor10.com.br/storage/companies/66db251cd2d30.jpg
mils3,https://investidor10.com.br/storage/companies/66db24d2be4fd.jpg
elet6,https://investidor10.com.br/storage/companies/66d8b1a3dba6c.jpg
mdne3,https://investidor10.com.br/storage/companies/68d6e4a12811e.png
fesa4,https://investidor10.com.br/storage/companies/66d9a9325ceaf.jpg
pdgr3,https://investidor10.com.br/storage/companies/5f0cae4468433.jpeg
gfsa3,https://investidor10.com.br/storage/companies/5eb4660e967ad.jpeg
orvr3,https://investidor10.com.br/storage/companies/66db24c75041e.jpg
matd3,https://investidor10.com.br/storage/companies/6035129fee786.jpg
itub3,https://investidor10.com.br/storage/companies/66ace9528ffb2.jpg
even3,https://investidor10.com.br/storage/companies/66d9aa1b7db72.jpg
seer3,https://investidor10.com.br/storage/companies/5ebed32d65061.jpeg
lavv3,https://investidor10.com.br/storage/companies/66d9a977f1e46.jpg
csed3,https://investidor10.com.br/storage/companies/66d9a9dfe77a7.jpg
wizc3,https://investidor10.com.br/storage/companies/5ec301fa69eca.jpeg
fiqe3,https://investidor10.com.br/storage/companies/66d9a91eab5f6.jpg
prnr3,https://investidor10.com.br/storage/companies/5f5b8335a3162.jpeg
tupy3,https://investidor10.com.br/storage/companies/66db0033ac15a.jpg
jslg3,https://investidor10.com.br/storage/companies/66db247028785.jpg
ptbl3,https://investidor10.com.br/storage/companies/6840845117d60.jpg
pine4,https://investidor10.com.br/storage/companies/66d9a9b5e9301.jpg
blau3,https://investidor10.com.br/storage/companies/68407bb20fa0b.jpg
brst3,https://investidor10.com.br/storage/companies/649ca76bf2c5e.jpg
opct3,https://investidor10.com.br/storage/companies/6840866a002ca.jpg
hbre3,https://investidor10.com.br/storage/companies/66db0015e3a6f.jpg
leve3,https://investidor10.com.br/storage/companies/66cc9d399bfe5.jpg
melk3,https://investidor10.com.br/storage/companies/66d9aa06a27e0.jpg
zamp3,https://investidor10.com.br/storage/companies/685c494781499.png
pfrm3,https://investidor10.com.br/storage/companies/66db259201498.jpg
brbi11,https://investidor10.com.br/storage/companies/66e4326dbae30.jpg
pnvl3,https://investidor10.com.br/storage/companies/66db250a75bb8.jpg
klbn3,https://investidor10.com.br/storage/companies/66ad48f2d9336.jpg
seql3,https://investidor10.com.br/storage/companies/5f47cdfbe37b5.jpeg
rcsl3,https://investidor10.com.br/storage/companies/5f5b989c56fe8.jpeg
logg3,https://investidor10.com.br/storage/companies/66db25c00a2d4.jpg
tris3,https://investidor10.com.br/storage/companies/66db25b3c6d4f.jpg
pomo3,https://investidor10.com.br/storage/companies/66d9a9c3082e8.jpg
vlid3,https://investidor10.com.br/storage/companies/66d9a9a2a2104.jpg
espa3,https://investidor10.com.br/storage/companies/6840842cd703d.jpg
rnew4,https://investidor10.com.br/storage/companies/5f5f67b362f5a.jpeg
sapr3,https://investidor10.com.br/storage/companies/66d9ad202d185.jpg
mdia3,https://investidor10.com.br/storage/companies/66cc9cf9e5c39.jpg
vtru3,https://investidor10.com.br/storage/companies/68262db63158f.png
tfco4,https://investidor10.com.br/storage/companies/68407b9ec8436.jpg
vitt3,https://investidor10.com.br/storage/companies/60059edbeae3c.jpg
pmam3,https://investidor10.com.br/storage/companies/5ebb07f12fe5a.jpeg
agro3,https://investidor10.com.br/storage/companies/68407927034e8.jpg
amob3,https://investidor10.com.br/storage/companies/6760183b2094b.png
romi3,https://investidor10.com.br/storage/companies/66d9a9558f70a.jpg
aeri3,https://investidor10.com.br/storage/companies/66db007cadfd5.jpg
unip6,https://investidor10.com.br/storage/companies/649db9f7cbaed.jpg
dexp3,https://investidor10.com.br/storage/companies/66db26175abb1.jpg
camb3,https://investidor10.com.br/storage/companies/66db25260d2b2.jpg
taee4,https://investidor10.com.br/storage/companies/682343dd0d259.png
desk3,https://investidor10.com.br/storage/companies/684079174b307.jpg
itsa3,https://investidor10.com.br/storage/companies/66ad451089033.jpg
cmig3,https://investidor10.com.br/storage/companies/66cc977d99912.jpg
amar3,https://investidor10.com.br/storage/companies/5eb9c0d8b71f0.jpeg
eter3,https://investidor10.com.br/storage/companies/66d9a9cbab8b3.jpg
igti3,https://investidor10.com.br/storage/companies/5f4d37d5906d8.jpeg
lpsb3,https://investidor10.com.br/storage/companies/68408442f3877.jpg
tcsa3,https://investidor10.com.br/storage/companies/5ebec8cb695a7.jpeg
sanb3,https://investidor10.com.br/storage/companies/66cc9b5c46f92.jpg
sanb4,https://investidor10.com.br/storage/companies/66cc9b5c46f92.jpg
brap3,https://investidor10.com.br/storage/companies/66ad44c9a1fad.jpg
alpk3,https://investidor10.com.br/storage/companies/6840796b69d43.jpg
fict3,https://investidor10.com.br/storage/companies/67d43733b66ea.png
whrl4,https://investidor10.com.br/storage/companies/66db26218df83.jpg
brkm3,https://investidor10.com.br/storage/companies/66cca010e7887.jpg
rnew3,https://investidor10.com.br/storage/companies/5f5f67b362f5a.jpeg
euca4,https://investidor10.com.br/storage/companies/5f15de1848720.jpeg
ambp3,https://investidor10.com.br/storage/companies/66db00cbb368b.jpg
taee3,https://investidor10.com.br/storage/companies/682343dd0d259.png
bobr4,https://investidor10.com.br/storage/companies/66db004685447.jpg
reag3,https://investidor10.com.br/storage/companies/684083e9a36a4.jpg
ealt4,https://investidor10.com.br/storage/companies/66db2513c0952.jpg
dmvf3,https://investidor10.com.br/storage/companies/66db259a33ab3.jpg
rpmg3,https://investidor10.com.br/storage/companies/5f5f5231ab573.jpeg
ggbr3,https://investidor10.com.br/storage/companies/66cc914eb1231.jpg
goau3,https://investidor10.com.br/storage/companies/66cc921a1cab9.jpg
pdtc3,https://investidor10.com.br/storage/companies/5f7dd00ce3736.jpeg
tasa3,https://investidor10.com.br/storage/companies/5ebda9027574c.jpeg
tecn3,https://investidor10.com.br/storage/companies/66db25a39c04e.jpg
ngrd3,https://investidor10.com.br/storage/companies/5f980aafd7fcf.jpeg
lupa3,https://investidor10.com.br/storage/companies/5efce595ab513.jpeg
coce5,https://investidor10.com.br/storage/companies/66db25f570da4.jpg
engi3,https://investidor10.com.br/storage/companies/66db014937944.jpg
csud3,https://investidor10.com.br/storage/companies/6840867659fee.jpg
aalr3,https://investidor10.com.br/storage/companies/6453e731bf4f1.png
ucas3,https://investidor10.com.br/storage/companies/5f11e292c2406.jpeg
show3,https://investidor10.com.br/storage/companies/5ebf01793e45d.jpeg
baza3,https://investidor10.com.br/storage/companies/66d9a9606777e.jpg
alld3,https://investidor10.com.br/storage/companies/66ad458d3ce52.jpg
trad3,https://investidor10.com.br/storage/companies/649dbd241130b.jpg
alup4,https://investidor10.com.br/storage/companies/5e9e64dcd6771.jpeg
inep3,https://investidor10.com.br/storage/companies/5f7622d1dd989.jpeg
oibr4,https://investidor10.com.br/storage/companies/66db00a85b7d3.jpg
fher3,https://investidor10.com.br/storage/companies/5ed552dd20e37.jpeg
land3,https://investidor10.com.br/storage/companies/635aeb31bbebe.jpg
telb4,https://investidor10.com.br/storage/companies/5ebdae82e86ce.jpeg
lvtc3,https://investidor10.com.br/storage/companies/60350bf311156.jpg
cgra4,https://investidor10.com.br/storage/companies/649ca93ba72f8.jpg
nutr3,https://investidor10.com.br/storage/companies/5f5a535549823.jpeg
scar3,https://investidor10.com.br/storage/companies/66d9a99aa573f.jpg
tpis3,https://investidor10.com.br/storage/companies/5f10bbd47c69e.jpeg
bees3,https://investidor10.com.br/storage/companies/66d9a96e94c33.jpg
agxy3,https://investidor10.com.br/storage/companies/649ca3f3e2e91.jpg
ektr4,https://investidor10.com.br/storage/companies/66db245d65c31.jpg
bsli3,https://investidor10.com.br/storage/companies/684083fed173a.jpg
ptnt4,https://investidor10.com.br/storage/companies/5ebb107d99db0.jpeg
bees4,https://investidor10.com.br/storage/companies/66d9a96e94c33.jpg
alup3,https://investidor10.com.br/storage/companies/5e9e64dcd6771.jpeg
inep4,https://investidor10.com.br/storage/companies/5f7622d1dd989.jpeg
epar3,https://investidor10.com.br/storage/companies/5f6b5088080da.jpeg
biom3,https://investidor10.com.br/storage/companies/66db24417364e.jpg
bpac5,https://investidor10.com.br/storage/companies/66cc8e7c56df1.jpg
vivr3,https://investidor10.com.br/storage/companies/649dbae7d9a8b.jpg
bmeb4,https://investidor10.com.br/storage/companies/649ca663f374f.jpg
bsli4,https://investidor10.com.br/storage/companies/684083fed173a.jpg
rapt3,https://investidor10.com.br/storage/companies/66d9ad2912681.jpg
vste3,https://investidor10.com.br/storage/companies/649dc568d7079.jpg
dotz3,https://investidor10.com.br/storage/companies/60350d6a1919d.jpg
rsul4,https://investidor10.com.br/storage/companies/649dbb19f1461.jpg
telb3,https://investidor10.com.br/storage/companies/5ebdae82e86ce.jpeg
logn3,https://investidor10.com.br/storage/companies/5eb9b5c11fa32.jpeg
pine3,https://investidor10.com.br/storage/companies/66d9a9b5e9301.jpg
jfen3,https://investidor10.com.br/storage/companies/5f774a4f9a04b.jpeg
west3,https://investidor10.com.br/storage/companies/60059bed237e7.jpg
engi4,https://investidor10.com.br/storage/companies/66db014937944.jpg
brsr3,https://investidor10.com.br/storage/companies/649ca5d54538a.jpg
eqpa3,https://investidor10.com.br/storage/companies/66d9aa3e90e2e.jpg
cebr3,https://investidor10.com.br/storage/companies/5f68a6da296dc.jpeg
clsc4,https://investidor10.com.br/storage/companies/66db25abbc258.jpg
bpac3,https://investidor10.com.br/storage/companies/66cc8e7c56df1.jpg
osxb3,https://investidor10.com.br/storage/companies/5ebaf81df3832.jpeg
whrl3,https://investidor10.com.br/storage/companies/66db26218df83.jpg
avll3,https://investidor10.com.br/storage/companies/5f47c7ae6fff9.jpeg
mgel4,https://investidor10.com.br/storage/companies/649db9d4db19a.jpg
cebr5,https://investidor10.com.br/storage/companies/5f68a6da296dc.jpeg
ceeb3,https://investidor10.com.br/storage/companies/66d9a99279503.jpg
ofsa3,https://investidor10.com.br/storage/companies/5eea584d5c94f.jpeg
ctsa4,https://investidor10.com.br/storage/companies/5f60a23c8a802.jpeg
rnew11,https://investidor10.com.br/storage/companies/5f5f67b362f5a.jpeg
crpg5,https://investidor10.com.br/storage/companies/5ecff1a801f50.jpeg
cgra3,https://investidor10.com.br/storage/companies/649ca93ba72f8.jpg
cgas5,https://investidor10.com.br/storage/companies/66d8b1ae8e00f.jpg
emae4,https://investidor10.com.br/storage/companies/66db260b38df8.jpg
alpa3,https://investidor10.com.br/storage/companies/684083dfea35c.jpg
bgip4,https://investidor10.com.br/storage/companies/66d9a9f6d82fa.jpg
isae3,https://investidor10.com.br/storage/companies/673b2f70c4356.jpg
unip3,https://investidor10.com.br/storage/companies/649db9f7cbaed.jpg
rede3,https://investidor10.com.br/storage/companies/66d9a9ec2f193.jpg
balm4,https://investidor10.com.br/storage/companies/672014ddcac80.png
bauh4,https://investidor10.com.br/storage/companies/5ed53b44ea64d.jpeg
nexp3,https://investidor10.com.br/storage/companies/635c2be8b4235.jpg
mapt4,https://investidor10.com.br/storage/companies/6202b6ff17e2e.jpg
mnpr3,https://investidor10.com.br/storage/companies/5f58c21c96aab.jpeg
rdni3,https://investidor10.com.br/storage/companies/5eed00aa6fb6e.jpeg
cebr6,https://investidor10.com.br/storage/companies/5f68a6da296dc.jpeg
gepa4,https://investidor10.com.br/storage/companies/5ebc4c586295d.jpeg
ceed3,https://investidor10.com.br/storage/companies/685c4555d622c.png
ektr3,https://investidor10.com.br/storage/companies/66db245d65c31.jpg
dexp4,https://investidor10.com.br/storage/companies/66db26175abb1.jpg
ealt3,https://investidor10.com.br/storage/companies/66db2513c0952.jpg
hoot4,https://investidor10.com.br/storage/companies/5f75bb7ae4489.jpeg
mtsa4,https://investidor10.com.br/storage/companies/649dbb437b492.jpg
ctsa3,https://investidor10.com.br/storage/companies/5f60a23c8a802.jpeg
rpad3,https://investidor10.com.br/storage/companies/649ca480deb64.jpg
crpg3,https://investidor10.com.br/storage/companies/5ecff1a801f50.jpeg
rsid3,https://investidor10.com.br/storage/companies/5ebc5ce95ee3a.jpeg
ptnt3,https://investidor10.com.br/storage/companies/5ebb107d99db0.jpeg
peab4,https://investidor10.com.br/storage/companies/649ca87b55d96.jpg
haga4,https://investidor10.com.br/storage/companies/5f50d0e8adb6c.jpeg
moar3,https://investidor10.com.br/storage/companies/66db24de777f4.jpg
euca3,https://investidor10.com.br/storage/companies/5f15de1848720.jpeg
unip5,https://investidor10.com.br/storage/companies/649db9f7cbaed.jpg
tkno3,https://investidor10.com.br/storage/companies/5f6201e98a478.jpeg
cgas3,https://investidor10.com.br/storage/companies/66d8b1ae8e00f.jpg
sond5,https://investidor10.com.br/storage/companies/5f7f44104357c.jpeg
mrsa5b,https://investidor10.com.br/storage/companies/5f87101593b8d.jpeg
wlmm4,https://investidor10.com.br/storage/companies/5f639575a0823.jpeg
ctka4,https://investidor10.com.br/storage/companies/5f50f0d2ed6fa.jpeg
bmks3,https://investidor10.com.br/storage/companies/5eb05bae5a500.jpeg
cple5,https://investidor10.com.br/storage/companies/66db019a1b27d.jpg
ppla11,https://investidor10.com.br/storage/companies/649dd562db78e.jpg
aheb3,https://investidor10.com.br/storage/companies/649dd0d1cc86f.jpg
haga3,https://investidor10.com.br/storage/companies/5f50d0e8adb6c.jpeg
mndl3,https://investidor10.com.br/storage/companies/5f58df70e0dda.jpeg
cedo4,https://investidor10.com.br/storage/companies/5f688fd5168f3.jpeg
pati3,https://investidor10.com.br/storage/companies/6751d7871a776.jpg
tkno4,https://investidor10.com.br/storage/companies/5f6201e98a478.jpeg
fesa3,https://investidor10.com.br/storage/companies/66d9a9325ceaf.jpg
sond6,https://investidor10.com.br/storage/companies/5f7f44104357c.jpeg
bdll4,https://investidor10.com.br/storage/companies/5ea9bcacc160e.jpeg
hbts5,https://investidor10.com.br/storage/companies/66db001f4810d.jpg
cedo3,https://investidor10.com.br/storage/companies/5f688fd5168f3.jpeg
aflt3,https://investidor10.com.br/storage/companies/6840864dc3de3.jpg
estr4,https://investidor10.com.br/storage/companies/5eb46d1a15053.jpeg
pati4,https://investidor10.com.br/storage/companies/6751d7871a776.jpg
snsy5,https://investidor10.com.br/storage/companies/5f7e112714bac.jpeg
plas3,https://investidor10.com.br/storage/companies/5f5b4e69923e4.jpeg
luxm4,https://investidor10.com.br/storage/companies/5f623fdfc9ad6.jpeg
dohl4,https://investidor10.com.br/storage/companies/649ca8e834f0f.jpg
mwet4,https://investidor10.com.br/storage/companies/5f63552e25ec4.jpeg
cbee3,https://investidor10.com.br/storage/companies/5ea9da5e166bb.jpeg
nord3,https://investidor10.com.br/storage/companies/5f7da1c6a5655.jpeg
eqma3b,https://investidor10.com.br/storage/companies/6744868633013.png
frio3,https://investidor10.com.br/storage/companies/649dbaaf945ea.jpg
eqpa6,https://investidor10.com.br/storage/companies/66d9aa3e90e2e.jpg
brkm6,https://investidor10.com.br/storage/companies/66cca010e7887.jpg
gshp3,https://investidor10.com.br/storage/companies/5eb59993a0b7d.jpeg
crpg6,https://investidor10.com.br/storage/companies/5ecff1a801f50.jpeg
bnbr3,https://investidor10.com.br/storage/companies/66db00c1e996d.jpg
balm3,https://investidor10.com.br/storage/companies/672014ddcac80.png
enmt4,https://investidor10.com.br/storage/companies/66db018d3baab.jpg
bmin4,https://investidor10.com.br/storage/companies/649ca6860ced4.jpg
dtcy3,https://investidor10.com.br/storage/companies/5f71edac3dca5.jpeg
bmeb3,https://investidor10.com.br/storage/companies/649ca663f374f.jpg
ccty3,https://investidor10.com.br/storage/companies/68e66f7b8ad23.jpg
peab3,https://investidor10.com.br/storage/companies/649ca87b55d96.jpg
psvm11,https://investidor10.com.br/storage/companies/6750a4c642ab3.jpg
eqpa5,https://investidor10.com.br/storage/companies/66d9aa3e90e2e.jpg
gepa3,https://investidor10.com.br/storage/companies/5ebc4c586295d.jpeg
brsr5,https://investidor10.com.br/storage/companies/649ca5d54538a.jpg
clsc3,https://investidor10.com.br/storage/companies/66db25abbc258.jpg
mrsa6b,https://investidor10.com.br/storage/companies/5f87101593b8d.jpeg
mrsa3b,https://investidor10.com.br/storage/companies/5f87101593b8d.jpeg
ceeb5,https://investidor10.com.br/storage/companies/66d9a99279503.jpg
coce3,https://investidor10.com.br/storage/companies/66db25f570da4.jpg
