P/L,P/RECEITA_(PSR),P/VP,DY,PAYOUT,MARGEM_LÍQUIDA,MARGEM_BRUTA,MARGEM_EBIT,MARGEM_EBITDA,EV/EBITDA,EV/EBIT,P/EBITDA,P/EBIT,P/ATIVO,P/CAP.GIRO,P/ATIVO_CIRC_LIQ,VPA,LPA,GIRO_ATIVOS,ROE,ROIC,ROA,DÍVIDA_LÍQUIDA_/_PATRIMÔNIO,DÍVIDA_LÍQUIDA_/_EBITDA,DÍVIDA_LÍQUIDA_/_EBIT,DÍVIDA_BRUTA_/_PATRIMÔNIO,PATRIMÔNIO_/_ATIVOS,PASSIVOS_/_ATIVOS,LIQUIDEZ_CORRENTE,CAGR_RECEITAS_5_ANOS,CAGR_LUCROS_5_ANOS,Papel
"8,48","1,17","1,15","4,95","74,56","13,81","34,24","20,82","29,11","5,11","7,14","4,02","5,63","0,50","14,44","-0,62","47,19","6,38","0,42","13,52","12,24","5,65","0,31","1,09","1,52","0,45","0,43","0,55","1,22","0,10","2,28",VALE3
"24,36","3,81","7,03","2,15","49,79","15,65","33,61","19,82","22,08","17,00","18,93","17,26","19,23","3,92","14,14","-10,74","5,29","1,53","1,03","28,86","26,58","16,97","-0,11","-0,27","-0,30","0,12","0,56","0,42","1,77","18,58","23,05",WEGE3
"-0,09","0,03","-0,02","0,00","0,00","-31,85","30,81","20,11","33,77","5,05","8,48","0,09","0,15","0,02","-0,05","-0,03","-31,75","-7,20","0,79","-22,66","64,70","-25,24","-1,16","4,84","8,13","-1,22","-1,11","2,11","0,35","28,65",,AZUL4
"4,96","0,39","0,59","12,89","62,82","7,81","36,83","6,66","0,00",,"5,82",,"5,82","0,04","4,35","-0,41","31,72","3,80","0,11","11,97","6,85","1,02",,,,,"0,07","0,88","1,01","18,01","13,16",BBAS3
"5,21","0,79","0,41","2,41","12,73","15,13","67,94","21,89","56,30","2,89","7,43","1,40","3,60","0,21","3,93","-0,26","6,63","0,52","0,27","7,90","5,76","4,50","0,44","1,49","3,83","0,55","0,51","0,44","1,38","4,29",,COGN3
"14,18","6,23","3,57","2,35","32,86","43,97","89,93","59,29","62,91","9,96","10,57","9,91","10,51","1,45","7,85","-2,22","3,57","0,90","0,23","25,18","13,91","10,22","0,02","0,05","0,06","0,79","0,41","0,59","2,13","2,91","2,66",B3SA3
"8,60","0,83","1,05","17,24","153,59","9,70","49,67","27,45","35,26","4,36","5,60","2,37","3,04","0,36","-8,45","-0,40","30,71","3,73","0,43","12,16","14,47","4,23","0,82","1,86","2,40","0,94","0,34","0,65","0,72","12,77","50,67",PETR4
"12,20","0,14","0,47","4,23","52,02","1,14","30,75","4,29","7,78","2,74","4,97","1,78","3,23","0,15","1,74","-0,30","15,37","0,59","1,07","3,82","9,09","1,22","0,25","0,96","1,74","0,40","0,32","0,68","1,20","5,53","2,05",MGLU3
"3,80","0,13","1,14","6,20","23,64","3,49","4,77","4,93","5,29","4,72","5,08","2,50","2,69","0,38","1,87","-0,65","18,37","5,53","2,85","30,13","14,38","9,93","1,02","2,22","2,39","1,28","0,33","0,66","1,94","16,85","9,61",VBBR3
"-4,83","0,36","0,56","0,00","0,00","-7,38","27,02","3,64","5,75","22,55","35,64","6,20","9,80","0,12","0,81","-0,21","10,65","-1,23","0,33","-11,55","1,03","-2,35","1,47","16,35","25,84","1,56","0,21","0,76","1,47","7,15",,MRVE3
"7,53","13,97","1,33","8,56","70,89","185,53","28,63","207,75","222,59","6,48","6,95","6,27","6,72","1,04","19,05","-1,16","7,82","1,38","0,07","17,71","17,51","13,91","0,04","0,21","0,22","0,13","0,78","0,18","1,97","6,88","15,94",ITSA4
"9,57","0,21","0,23","0,00","0,00","2,15","8,21","3,61","8,28","3,40","7,79","2,49","5,70","0,14","0,40","-0,24","19,37","0,46","0,66","2,37","2,54","1,31","0,04","0,42","0,96","0,32","0,60","0,33","4,16","10,73","-16,26",USIM5
"16,06","0,18","2,46","1,11","17,56","1,10","16,61","5,28","7,51","4,46","6,34","2,35","3,34","0,30","16,38","-0,46","3,98","0,61","1,68","15,34","17,35","1,85","2,21","2,11","3,00","3,03","0,12","0,88","1,05","15,83","-11,90",ASAI3
"8,02","0,71","0,95","8,00","54,45","8,83","31,68","8,22","0,00",,"8,01",,"8,62","0,08","0,60","-0,41","16,43","1,95","0,11","11,89","10,09","0,98",,,,,"0,08","0,92","1,19","24,03","4,85",BBDC4
"-3,38","0,06","0,82","0,00","-2,44","-1,67","4,64","1,69","5,35","4,47","14,15","1,05","3,33","0,10","0,95","-0,18","1,70","-0,41","1,81","-24,20","3,82","-2,96","2,65","3,42","10,82","3,89","0,12","0,87","1,33",,,RAIZ4
"14,07","1,22","1,75","4,43","59,24","8,65","60,83","9,85","18,33","6,19","11,53","6,64","12,36","0,97","4,25","-2,28","9,69","1,21","0,80","12,45","11,89","6,93","-0,12","-0,45","-0,83","0,04","0,56","0,44","1,67","14,43","3,12",LREN3
"13,26","2,13","2,12","7,51","98,64","16,08","51,50","25,06","32,90","6,01","7,89","6,48","8,51","1,38","49,90","-1,93","5,87","0,94","0,65","15,95","19,15","10,68","-0,16","-0,48","-0,63","0,03","0,65","0,34","1,11","9,46","5,30",ABEV3
"-4,38","0,22","0,71","7,22","-32,32","-5,05","26,35","10,30","19,25","4,92","9,19","1,15","2,15","0,10","1,10","-0,15","10,48","-1,70","0,44","-16,24","6,05","-1,68","2,33","3,77","7,04","3,71","0,14","0,83","1,35","8,25",,CSNA3
"15,21","3,84","19,84","5,35","283,44","25,23","56,09","43,80","52,34","8,70","10,39","7,33","8,76","2,28","2.054,74","-2,71","0,70","0,92","0,59","130,43","32,20","14,96","3,69","1,37","1,63","4,32","0,11","0,89","1,01","27,60",,STBP3
"-0,99","0,25","1,38","0,00","0,00","-25,18","31,23","5,69","15,75","9,16","25,34","1,58","4,36","0,09","0,73","-0,11","4,23","-5,90","0,34","-139,63","-2,35","-8,13","6,62","7,58","20,98","8,50","0,06","0,73","2,13","26,51",,CSAN3
"10,09","0,48","0,60","3,99","39,71","4,73","12,41","8,66","13,69","4,32","6,83","3,49","5,51","0,38","1,51","-0,62","27,08","1,61","0,80","5,95","6,70","3,80","0,17","0,96","1,52","0,33","0,63","0,37","2,89","9,54","6,69",GGBR4
"4,18","0,72","1,05","18,51","76,79","17,25","19,80","23,79","27,26","3,96","4,54","2,65","3,03","0,46","33,75","-0,61","9,75","2,45","0,64","25,09","17,60","10,96","0,38","0,95","1,09","0,55","0,44","0,56","1,06","9,99","19,58",CMIG4
"-16,03","0,85","2,36","0,00","0,00","-5,29","94,00","7,12","22,69","4,24","13,50","3,74","11,91","0,33","-4,05","-0,78","0,99","-0,15","0,39","-14,72","7,37","-2,05","0,31","0,50","1,59","1,09","0,14","0,86","0,88","18,23",,CVCB3
"1.760,86","1,07","0,77","0,59","1.030,02","0,06","20,53","18,55","27,59","11,40","16,96","3,86","5,74","0,20","2,97","-0,25","12,62","0,01","0,18","0,04","3,70","0,14","1,51","7,54","11,21","1,97","0,25","0,72","1,45",,,AURE3
"8,51","0,16","0,85","2,90","24,62","1,86","30,15","19,78","35,50","3,85","6,91","0,45","0,80","0,08","-1,98","-0,10","7,20","0,72","0,48","10,02","11,90","0,89","6,50","3,40","6,11","7,66","0,09","0,91","0,87","27,98","19,11",MOVI3
"-2,48","0,08","-4,58","0,00","0,00","-3,16","20,09","7,02","9,01","5,41","6,95","0,87","1,12","0,07","0,40","-0,17","-1,07","-1,98","0,95","-184,64","9,78","-2,97","-23,95","4,54","5,83","-42,20","-0,02","1,00","1,48","14,43",,BEEF3
"6,07","0,97","1,68","6,89","42,09","16,00","68,12","59,59","78,52","4,76","6,27","1,24","1,63","0,19","1,53","-0,25","2,30","0,64","0,19","27,69","12,55","1,36","4,78","3,52","4,64","6,58","0,11","0,89","1,86","23,26","11,28",VAMO3
"21,77","0,64","3,95","2,97","51,07","2,95","29,58","5,59","9,74","7,30","12,71","6,60","11,50","1,13","7,62","-2,69","3,78","0,68","1,76","18,13","21,43","5,23","0,42","0,70","1,21","0,49","0,29","0,71","1,34","14,69","18,93",RADL3
"-21,31","2,21","2,08","4,96","-105,26","-10,38","46,27","15,38","34,01","9,31","20,58","6,51","14,38","0,59","5,98","-0,75","7,87","-0,77","0,27","-9,78","4,83","-2,75","0,90","2,80","6,20","1,44","0,28","0,71","1,90","14,58",,RAIL3
"12,38","1,22","1,75","2,48","30,07","9,89","38,35","29,61","37,07","7,44","9,31","3,30","4,13","0,40","5,33","-0,48","7,28","1,03","0,33","14,16","11,10","3,29","2,20","4,14","5,18","2,65","0,23","0,77","1,88","16,32","89,82",MOTV3
"9,13","1,08","1,90","7,77","67,61","11,84","39,07","13,67","0,00",,"7,48",,"7,91","0,14","0,76","-2,10","18,65","3,87","0,13","20,77","21,28","1,53",,,,,"0,07","0,92","1,24","15,22","23,22",ITUB4
"5,43","1,11","0,99","4,36","13,41","20,48","32,60","24,36","25,56","5,76","6,04","4,35","4,56","0,42","1,07","-0,98","24,35","4,45","0,38","18,28","11,98","9,15","0,32","1,41","1,48","0,64","0,43","0,52","3,36","16,89","1,80",CYRE3
"3,20","2,32","1,36","0,00","0,00","72,61","43,99","40,30","62,21","5,57","8,60","3,73","5,76","0,66","6,35","-0,78","29,68","12,64","0,28","42,58","0,78","20,68","0,67","1,84","2,85","0,83","0,49","0,51","3,19","52,30","90,39",PRIO3
"19,25","0,96","1,40","5,14","93,37","4,97","23,50","15,54","31,82","5,81","11,90","3,00","6,15","0,46","7,02","-0,58","24,42","1,78","0,48","7,28","8,59","2,37","1,31","2,81","5,75","1,62","0,33","0,67","1,43","30,31","12,90",RENT3
"12,26","3,41","2,51","1,16","26,93","27,80","20,14","30,51","0,00",,"14,20",,"11,17","0,30","-21,20","-2,24","15,59","3,19","0,09","20,45","22,18","2,45",,,,,"0,12","0,88","0,98","27,22","30,10",BPAC11
"57,71","0,93","0,80","0,00","0,00","1,61","27,19","27,69","43,27","5,35","8,36","2,14","3,35","0,21","4,30","-0,25","24,02","0,33","0,22","1,38","9,09","0,35","1,19","3,21","5,01","1,59","0,26","2,96","1,40","115,95",,BRAV3
"17,67","1,79","1,51","3,17","126,35","10,12","44,08","15,54","41,26","4,79","12,71","4,33","11,50","0,81","-220,78","-1,03","21,10","1,81","0,46","8,57","9,75","4,61","0,16","0,46","1,21","0,30","0,54","0,46","0,98","5,98","4,08",VIVT3
"8,23","0,14","1,23","4,14","34,50","1,66","7,16","3,51","4,18","5,42","6,46","3,27","3,89","0,49","2,97","-0,80","13,62","2,03","3,61","14,90","1,63","6,45","0,81","2,16","2,57","0,99","0,40","0,58","1,76","10,92","21,27",UGPA3
"8,18","1,10","2,37","6,47","54,02","13,49","24,70","15,90","17,71","6,63","7,39","6,23","6,95","1,04","3,73","-2,62","3,67","1,06","0,94","28,97","14,89","12,84","0,32","0,85","0,95","0,79","0,44","0,55","1,87","20,08","68,13",POMO4
"-0,87","0,09","0,60","0,00","0,00","-10,10","27,63","-1,47","4,68","4,56","-14,57","1,88","-5,99","0,09","-12,53","-0,12","5,64","-3,91","0,98","-69,32","-6,37","-9,87","0,86","2,69","-8,58","1,65","0,14","0,86","0,98","-18,03",,PCAR3
"7,99","0,13","0,46","3,78","30,02","1,63","12,41","8,64","13,62","1,92","3,03","0,96","1,51","0,10","0,41","-0,17","19,50","1,13","0,80","5,81","13,02","3,80","0,47","0,97","1,52","0,93","0,22","0,37","2,89","9,54","6,74",GOAU4
"-2,62","87,85","0,72","0,00","0,00","-3.349,72","23,52","-4.962,33","-5.145,59","-1,71","-1,77","-1,71","-1,77","0,58","-12,72","-0,58","0,77","-0,21","0,01","-27,29","-53,74","-22,17","0,00","0,00","0,00","0,00","0,81","0,19","0,02",,,AZTE3
"-0,24","0,01","0,14","0,00","0,00","-4,28","30,82","2,92","6,74","4,70","10,86","0,15","0,35","0,01","-0,06","-0,01","21,97","-12,54","0,85","-57,06","1,65","-3,63","4,09","4,55","10,50","4,66","0,06","0,94","0,74","-0,74",,BHIA3
"26,67","1,58","3,22","0,33","2,35","5,91","17,79","10,93","14,64","11,34","15,19","10,77","14,42","0,88","6,75","-1,89","24,73","2,98","0,56","12,07","12,03","3,33","0,17","0,57","0,77","0,60","0,27","0,70","1,32","13,74",,EMBR3
"12,04","1,53","1,35","6,85","79,47","12,73","22,10","19,07","25,37","8,04","10,69","6,04","8,03","0,59","6,73","-0,80","8,81","0,99","0,38","11,20","8,38","4,86","0,48","2,17","2,89","0,72","0,44","0,56","1,48","4,22","-5,60",CPLE6
"6,89","0,61","0,82","8,45","54,45","8,83","31,68","8,22","0,00",,"8,01",,"7,40","0,07","0,51","-0,35","16,43","1,95","0,11","11,89","10,09","0,98",,,,,"0,08","0,92","1,19","24,03","4,85",BBDC3
"-0,03","0,06","-0,39","0,00","0,00","-165,92","29,70","-149,16","-140,40","0,56","0,53","-0,04","-0,04","0,04","-0,22","-0,08","-2,00","-23,11","0,71","-1.157,09","163,97","-117,30","5,89","0,60","0,57","5,40","-0,10","1,10","0,73",,,IFCM3
"33,38","4,79","5,46","1,69","56,47","14,36","69,33","17,21","23,39","20,24","27,52","20,49","27,85","3,02","14,87","-4,55","8,01","1,31","0,63","16,37","13,54","9,29","-0,07","-0,25","-0,33","0,34","0,55","0,41","2,52","16,08","22,29",TOTS3
"6,48","0,12","6,49","13,23","86,19","1,80","13,08","4,04","8,70","4,52","9,73","1,34","2,88","0,13","2,02","-0,21","3,28","3,29","1,16","100,15","5,54","3,06","15,39","3,18","6,84","22,57","0,02","0,85","1,22","18,35","-1,80",MRFG3
"12,49","1,12","2,62","6,37","80,18","9,00","36,72","22,03","32,54","8,01","11,83","3,45","5,10","0,39","3,55","-0,51","6,98","1,46","0,35","20,94","9,02","3,54","3,44","4,55","6,72","4,19","0,15","0,80","1,96","10,93",,KLBN11
"9,02","2,09","0,72","4,64","43,08","23,14","44,48","52,13","61,93","5,18","6,15","3,37","4,00","0,31","2,70","-0,39","52,66","4,20","0,15","7,98","11,34","3,44","0,33","1,55","1,84","0,58","0,43","0,57","2,29","7,57","8,71",ELET3
"9,41","0,91","1,14","15,74","153,59","9,70","49,67","27,45","35,26","4,36","5,60","2,59","3,32","0,39","-9,25","-0,44","30,71","3,73","0,43","12,16","14,47","4,23","0,82","1,86","2,40","0,94","0,34","0,65","0,72","12,77","50,67",PETR3
"-5,17","1,90","2,87","0,00","0,00","-36,82","11,60","-12,92","13,83","32,08","-34,33","13,77","-14,74","0,44","19,74","-0,59","1,25","-0,69","0,23","-55,55","-5,65","-8,42","3,82","18,31","-19,59","4,24","0,15","0,85","1,09","-0,40",,HBSA3
"7,77",,"5,76","10,95","85,86","0,00","0,00","0,00","0,00",,"6,27",,"6,94","3,63","14,39","-6,26","5,83","4,32","0,00","74,13","68,13","46,67","-0,55",,"-0,67","0,00","0,63","0,37","2,50","-100,00","17,56",BBSE3
"12,46","4,85","2,22","4,35","49,75","38,96","81,07","66,12","71,39","9,07","9,79","6,80","7,34","1,06","30,79","-1,25","11,37","2,03","0,22","17,82","14,78","8,55","0,74","2,27","2,45","0,87","0,48","0,52","1,31","20,09","1,78",MULT3
"68,69","1,60","0,82","1,81","123,97","2,33","47,56","8,74","18,27","7,20","15,06","8,75","18,29","0,56","11,51","-0,84","4,86","0,06","0,35","1,19","3,51","0,81","-0,14","-1,55","-3,24","0,03","0,68","0,32","1,17","23,42","10,51",LWSA3
"26,65","2,06","2,24","2,74","72,56","7,73","41,79","22,78","47,71","5,36","11,24","4,32","9,04","0,68","8,54","-0,88","9,43","0,79","0,33","8,39","11,32","2,56","0,54","1,05","2,19","1,08","0,30","0,70","1,53",,,SMFT3
"-45,89","0,55","1,13","7,14","-327,47","-1,20","46,91","1,66","7,11","8,16","35,03","7,77","33,35","0,48","3,36","-0,75","3,59","-0,09","0,88","-2,45","0,90","-1,05","0,06","0,39","1,68","0,27","0,43","0,57","1,68","18,69",,PETZ3
"10,10",,"2,85","8,58","86,81","0,00","0,00","0,00","0,00",,"8,82",,"9,10","2,81","22,03","-3,27","4,68","1,32","0,00","28,22","27,15","27,78","-0,09",,"-0,27","0,00","0,98","0,02","9,32","-100,00","17,53",CXSE3
"12,25","1,41","2,95","16,54","205,13","11,52","54,65","23,44","29,81","3,85","4,89","4,73","6,02","0,76","3,65","-1,43","1,68","0,40","0,54","24,04","21,08","6,17","-0,55","-0,89","-1,13","1,00","0,26","0,74","1,78","6,94","-11,25",CMIN3
"7,26","0,18","0,75","3,58","42,37","2,54","26,63","9,86","12,85","5,64","7,36","1,43","1,87","0,13","0,46","-0,28","9,43","0,97","0,69","10,27","8,31","3,20","2,20","4,22","5,51","2,93","0,17","0,76","2,06","18,57","-7,02",RAPT4
"-1,84","3,21","-1,81","0,00","0,00","-174,27","5,26","-141,30","-129,81","-3,00","-2,76","-2,47","-2,27","0,75","-4,84","-1,12","-0,61","-0,60","0,23","-98,07","79,51","-43,63","0,00","0,00","0,00","0,00","-0,42","1,42","0,68","-17,49",,RCSL4
"14,25","1,98","2,06","8,60","89,74","13,92","53,17","22,60","49,63","3,80","8,34","4,00","8,78","0,91","-36,82","-1,19","10,38","1,50","0,46","14,43","20,34","6,37","-0,10","-0,20","-0,44","0,12","0,44","0,56","0,91","8,57","14,49",TIMS3
"-0,73","0,09","-1,60","0,00","0,00","-11,75","7,72","-1,19","5,03","10,86","-45,96","1,71","-7,23","0,07","0,83","-0,11","-5,31","-11,64","0,83","-219,00","-12,82","-10,51","-8,52","9,09","-38,46","-11,60","-0,04","1,04","1,32","6,16",,BRKM5
"7,22","1,95","1,93","3,43","24,90","26,93","53,87","43,91","50,46","4,87","5,60","3,86","4,43","0,86","67,88","-1,02","56,18","14,98","0,44","26,66","18,72","11,95","0,51","1,02","1,17","0,72","0,45","0,55","1,09","16,39","60,10",SBSP3
"13,79","0,90","1,59","2,30","31,90","6,55","28,40","19,18","24,64","7,44","9,56","3,66","4,71","0,37","8,26","-0,48","21,46","2,47","0,41","11,53","10,85","3,37","1,64","3,78","4,86","2,03","0,23","0,73","1,24","21,40","2,47",EQTL3
"12,41","1,00","1,49","7,14","88,72","8,05","27,58","15,44","25,74","5,40","8,99","3,88","6,47","0,59","2,96","-0,90","9,55","1,15","0,59","12,01","9,47","4,61","0,58","1,51","2,52","1,05","0,39","0,60","2,29","21,27","18,92",FLRY3
"13,08","0,40","0,64","14,18","182,11","3,02","61,77","22,82","33,86","3,30","4,90","1,17","1,73","0,15","1,27","-0,20","5,87","0,29","0,39","4,91","13,11","2,48","1,17","2,13","3,17","1,76","0,24","0,71","2,06","22,05",,ANIM3
"1.268,11","1,61","1,36","0,00","0,00","0,13","37,27","25,59","42,90","9,20","15,42","3,75","6,29","0,36","15,63","-0,43","8,74","0,01","0,22","0,11","5,74","0,03","1,97","5,45","9,13","2,20","0,26","0,73","1,16","33,18","-34,81",SRNA3
"-26,79","1,25","1,36","0,00","-1.233,00","-4,66","-4,41","-4,41","-1,26","-51,37","-14,68","-99,14","-28,34","0,98","2,21","-2,69","4,04","-0,20","0,79","-5,07","-14,68","-4,19","-0,65","47,77","13,66","0,00","0,72","0,26","3,35","25,02",,CASH3
"-32,22","0,73","0,35","0,00","0,00","-2,28","15,46","3,93","10,20","8,74","22,67","7,19","18,65","0,23","2,68","-0,27","97,22","-1,05","0,31","-1,08","1,06","-0,71","0,08","1,55","4,02","0,27","0,66","0,34","2,10","22,09",,HAPV3
"18,59","1,48","3,04","2,30","41,70","7,95","19,38","15,50","18,78","7,65","9,26","7,87","9,53","0,73","2,21","-1,47","10,92","1,78","0,49","16,33","10,97","3,99","-0,09","-0,22","-0,27","1,51","0,24","0,74","2,87","29,63","55,41",RDOR3
"11,42","0,68","1,18","4,39","51,64","5,94","60,89","17,03","32,31","4,66","8,83","2,10","3,99","0,37","5,71","-0,49","10,74","1,11","0,55","10,29","10,39","3,24","1,43","2,56","4,85","1,73","0,32","0,68","1,36","6,88","26,19",YDUQ3
"3,28","2,03","0,61","7,22","23,76","62,12","58,77","90,78","95,03","4,14","4,33","2,14","2,24","0,24","1,39","-0,36","8,44","1,57","0,12","18,55","12,17","7,27","0,57","2,00","2,09","0,90","0,40","0,58","2,10","7,97","10,62",JHSF3
"-67,43","1,29","1,67","3,90","-268,77","-1,92","40,54","31,11","50,78","5,51","9,00","2,55","4,15","0,41","3,01","-0,53","30,38","-0,75","0,32","-2,47","9,09","-0,59","1,94","2,97","4,85","2,37","0,25","0,75","2,61","10,20",,SUZB3
"5,33",,"0,72","12,92","66,13","0,00","0,00","0,00","0,00","4,82","4,82","5,62","5,62","0,71","10,55","-0,77","22,05","2,97","0,00","13,47","12,75","13,27","-0,08","-0,64","-0,64","0,00","0,99","0,01","5,83","-100,00","-4,47",BRAP4
"13,57","4,26","0,87","5,10","69,17","31,40","74,10","59,06","81,36","6,60","9,09","5,24","7,21","0,44","4,54","-0,52","24,74","1,59","0,10","6,42","8,19","3,62","0,23","1,36","1,88","0,46","0,51","0,47","2,87","28,06","36,59",ALOS3
"43,74","1,54","1,11","0,00","0,00","3,53","31,26","17,71","31,44","8,24","14,62","4,91","8,72","0,39","5,71","-0,49","12,08","0,31","0,25","2,55","2,16","1,74","0,75","3,33","5,91","1,00","0,35","0,62","1,53","33,61","-1,12",ENEV3
"6,87","1,19","1,15","6,46","55,58","17,26","43,05","25,74","36,01","5,11","7,15","3,29","4,61","0,60","21,71","-0,71","21,82","3,67","0,51","16,80","11,83","8,75","0,64","1,82","2,54","0,72","0,52","0,48","1,22","8,61","11,29",CSMG3
"14,37","0,61","2,60","2,26","32,81","4,21","14,79","8,43","10,79","7,06","9,04","5,61","7,18","0,66","2,18","-1,40","5,46","0,99","1,09","18,07","11,39","4,66","0,67","1,45","1,86","1,52","0,25","0,75","2,34",,,GGPS3
"27,55","7,26","2,01","3,21","66,23","26,33","63,86","53,76","68,83","10,10","12,94","10,54","13,50","1,08","8,06","-1,44","10,32","0,75","0,15","7,29","7,55","3,96","0,42","2,22","2,84","0,81","0,54","0,46","2,16","11,33","11,90",IGTI11
"9,21","0,66","0,95","3,98","19,98","7,16","38,06","26,49","38,34","4,23","6,12","1,72","2,49","0,26","1,47","-0,38","3,65","0,38","0,40","10,31","12,09","2,95","1,38","2,51","3,63","1,96","0,28","0,71","2,42","75,89","41,27",ARML3
"8,62","0,52","2,06","3,47","30,93","6,03","26,24","11,77","17,30","3,64","5,35","3,01","4,42","0,53","3,34","-1,05","9,54","2,28","1,01","23,89","16,65","6,81","0,43","0,63","0,93","1,24","0,26","0,72","1,46","9,98","25,23",BRFS3
"19,70","2,38","1,36","4,14","72,33","12,08","56,39","15,15","19,48","18,00","23,16","12,21","15,71","0,66","13,02","-0,86","18,53","1,28","0,28","6,89","1,88","3,29","0,64","5,79","7,45","0,79","0,48","0,52","1,26","10,37","-9,17",HYPE3
"8,60","2,36","2,41","2,57","21,28","27,44","70,11","27,44","33,22","7,43","8,99","7,10","8,59","1,49","3,32","-3,98","11,06","3,10","0,63","28,05","21,78","17,33","0,11","0,33","0,40","0,18","0,62","0,38","3,54","20,57","37,95",VIVA3
"-16,05","0,09","1,34","1,63","-26,00","-0,56","25,58","16,30","26,35","4,41","7,13","0,34","0,55","0,05","0,43","-0,07","3,23","-0,27","0,51","-8,36","10,70","0,02","16,11","4,07","6,58","20,98","0,03","0,93","1,45","34,05","-47,90",SIMH3
"13,61","2,55","2,83","6,27","85,49","18,73","47,83","33,12","43,91","7,39","9,80","5,80","7,70","1,20","57,78","-1,47","6,24","1,30","0,47","20,81","13,37","8,88","0,78","1,59","2,11","0,99","0,42","0,58","1,12","10,95","37,44",PORT3
"14,04","0,69","1,66","2,24","0,00","4,95","54,88","10,61","12,72","5,38","6,45","5,46","6,55","0,58","5,39","-1,10","10,58","1,25","0,84","11,82","16,05","4,16","-0,02","-0,08","-0,09","0,44","0,35","0,65","1,30","13,79",,CEAB3
"9,93","0,96","1,47","3,48","41,95","9,70","29,25","9,42","11,73","8,47","10,56","8,21","10,22","0,87","1,89","-3,06","9,39","1,39","0,90","14,81","10,32","8,73","0,05","0,27","0,33","0,32","0,59","0,41","2,79","17,10","6,76",INTB3
"-0,38","0,66","0,14","0,00","0,00","-171,21","2,51","-159,37","-135,38","-1,13","-0,96","-0,49","-0,41","0,08","-0,49","-0,09","3,84","-1,41","0,12","-36,63","-37,00","-20,04","0,19","-0,64","-0,54","0,20","0,55","0,45","0,44","47,52",,AZEV3
"-0,39","0,67","0,14","0,00","0,00","-171,21","2,51","-159,37","-135,38","-1,13","-0,96","-0,49","-0,42","0,08","-0,50","-0,09","3,84","-1,41","0,12","-36,63","-37,00","-20,04","0,19","-0,64","-0,54","0,20","0,55","0,45","0,44","47,52",,AZEV4
"7,00","0,60","0,86","3,34","23,29","8,62","27,16","20,03","25,94","5,79","7,50","2,33","3,01","0,27","9,92","-0,34","29,02","3,56","0,45","12,28","11,41","3,93","1,28","3,46","4,49","1,44","0,32","0,68","1,17","9,42","8,42",NEOE3
"17,85","0,56","0,67","0,96","91,24","3,14","28,62","12,03","26,75","4,39","9,77","2,10","4,67","0,26","3,52","-0,35","8,38","0,31","0,46","3,75","6,70","1,49","0,73","2,29","5,10","0,95","0,38","0,60","1,37","6,88","-10,00",DXCO3
"0,14","0,08","0,23","0,00","0,00","53,38","31,43","-5,72","1,62","9,01","-2,55","4,67","-1,32","0,06","0,44","-0,10","22,35","36,62","0,79","163,84","-77,75","42,19","0,22","4,34","-1,23","0,41","0,26","0,74","1,49","6,29",,AMER3
"6,36","1,70","1,15","9,61","61,49","26,72","47,65","19,36","22,38","5,21","6,03","7,60","8,78","0,96","1,80","-3,12","4,36","0,79","0,57","18,02","10,42","15,15","-0,36","-2,38","-2,75","0,05","0,84","0,16","4,47","6,94","11,84",GRND3
"6,33","0,46","1,27","4,58","0,00","7,21","39,40","35,59","46,76","5,05","6,63","0,98","1,28","0,15","-2,95","-0,17","5,43","1,08","0,32","19,99","11,11","2,26","5,28","4,07","5,35","6,06","0,12","0,88","0,72","21,24",,ECOR3
"0,01","0,10","-0,01","0,00","0,00","847,38","-103,32","-68,99","-24,65","-24,53","-8,77","-0,42","-0,15","0,01","-0,07","-0,01","-44,41","42,57","0,08","-95,87","34,45","71,55","-0,67","-24,08","-8,61","-0,77","-0,75","1,74","0,70","-29,14",,OIBR3
"16,57","0,34","0,70","0,00","0,00","2,05","13,69","11,48","19,12","3,56","5,92","1,78","2,96","0,22","1,65","-0,33","6,57","0,28","0,66","4,22","10,31","2,18","0,70","1,78","2,97","0,90","0,32","1,54","1,77",,,CBAV3
"7,99","0,66","0,81","6,75","48,86","8,27","36,44","11,31","0,00",,"5,84",,"5,84","0,08","-0,12","-0,10","32,61","3,29","0,12","10,09","10,85","1,01",,,,,"0,10","0,95","0,24","19,14","-1,49",SANB11
"11,64","0,49","1,62","2,93","30,67","4,22","22,79","6,75","7,89","6,46","7,56","6,23","7,28","0,81","2,21","-2,16","4,53","0,63","1,64","13,93","16,74","7,02","0,06","0,24","0,28","0,21","0,50","0,50","2,40","21,67","14,24",GMAT3
"12,22","0,95","2,49","4,50","35,25","7,79","100,00","8,76","9,92","6,84","7,75","9,60","10,87","0,70","11,06","-1,57","21,43","4,37","0,73","20,39","13,65","5,81","-0,72","-2,76","-3,13","0,00","0,28","0,72","1,13","14,27","11,23",PSSA3
"-5,63","0,17","0,89","4,88","-28,05","-3,09","34,32","1,70","6,59","3,57","13,88","2,64","10,24","0,14","0,58","-0,46","2,75","-0,44","0,80","-15,84","2,20","-2,47","0,32","0,94","3,63","0,93","0,16","0,84","1,54","11,14",,LJQQ3
"14,65","0,81","2,53","0,77","11,20","5,51","28,78","10,02","12,10","7,75","9,35","6,67","8,05","0,53","2,07","-1,31","8,80","1,52","0,66","17,30","14,78","3,37","0,41","1,08","1,30","0,95","0,21","0,78","1,77","8,33","-2,83",TEND3
"12,42","1,12","2,60","6,44","80,18","9,00","36,72","22,03","32,54","8,01","11,83","3,43","5,07","0,39","3,53","-0,50","1,40","0,29","0,35","20,94","9,02","3,54","3,44","4,55","6,72","4,19","0,15","0,80","1,96","10,93",,KLBN4
"10,72","0,93","1,63","3,01","32,42","8,64","31,67","21,76","25,45","5,94","6,95","3,64","4,26","0,46","3,41","-0,82","11,08","1,69","0,49","15,21","15,17","4,37","1,03","2,30","2,69","1,29","0,28","0,71","1,44","17,42","8,36",SLCE3
"18,79","0,73","0,93","1,63","30,73","3,86","53,73","5,52","10,74","8,74","17,01","6,76","13,14","0,47","2,92","-0,88","37,80","1,87","0,65","4,95","2,66","2,51","0,27","1,99","3,87","0,42","0,51","0,49","1,55","44,45","51,27",AZZA3
"6,66","0,30","0,26","3,54","23,71","4,48","33,62","17,68","20,23","7,27","8,32","1,48","1,69","0,06","0,41","-0,10","10,91","0,43","0,20","3,91","6,20","2,59","1,02","5,80","6,64","1,18","0,23","0,56","1,61","5,52","21,70",HBOR3
"7,31","0,80","1,77","9,30","68,16","10,90","28,03","15,90","18,38","4,15","4,79","4,33","5,01","0,83","2,51","-2,45","3,97","0,96","1,05","24,17","17,24","11,39","-0,08","-0,19","-0,22","0,42","0,47","0,53","2,01","18,74","20,60",KEPL3
"5,30","0,62","0,73","0,00","0,00","11,72","12,67","12,90","0,00",,"-1,13",,"4,82","0,23","2,37","-0,37","61,84","8,55","0,37","13,82","8,82","4,38","-0,90",,"-5,94","0,00","0,32","0,68","1,36","-6,70",,IRBR3
"4,70","0,37","0,91","5,00","23,65","7,85","49,30","8,35","11,37","5,48","7,45","3,24","4,41","0,31","1,87","-0,64","11,91","2,32","0,85","19,46","10,87","6,69","0,63","2,23","3,04","0,91","0,34","0,66","1,49","24,54",,SBFG3
"8,88","1,13","2,50","6,93","60,79","12,68","21,60","17,46","19,10","5,54","6,06","5,89","6,45","1,78","4,94","-3,85","15,05","4,24","1,58","28,20","22,86","20,07","-0,15","-0,36","-0,39","0,20","0,71","0,29","3,03","16,90","30,70",TGMA3
"5,70","0,61","1,16","6,30","36,25","10,73","24,92","17,38","23,04","6,34","8,41","2,65","3,52","0,27","4,17","-0,35","39,29","8,00","0,44","20,36","10,24","5,78","1,56","3,57","4,73","2,04","0,23","0,71","1,38","10,93","23,01",ENGI11
"-3,76","0,47","0,98","0,00","0,00","-12,51","31,79","-3,68","1,63","66,12","-29,33","28,77","-12,76","0,27","1,57","-0,44","5,68","-1,48","0,58","-26,14","-4,45","-8,03","1,27","37,34","-16,56","1,82","0,28","0,70","1,81",,,ONCO3
"4,28","1,70","0,67","10,93","47,90","39,74","39,29","58,41","58,84","5,94","5,98","2,89","2,91","0,32","2,53","-0,37","31,27","4,93","0,19","15,76","12,90","7,52","0,60","2,55","2,57","0,68","0,47","0,52","5,95","17,19","-0,47",ISAE4
"123,65","0,30","0,36","0,34","0,00","0,24","84,39","11,21","35,27","2,45","7,70","0,85","2,68","0,11","3,38","-0,18","4,57","0,01","0,35","0,29","5,22","0,28","0,67","1,59","5,02","1,49","0,29","0,70","1,08","-5,24","-49,91",QUAL3
"10,12","0,79","0,84","5,33","53,87","7,77","24,93","21,19","42,41","4,43","8,88","1,85","3,71","0,26","1,52","-0,36","20,15","1,67","0,33","8,31","8,31","2,56","1,17","2,58","5,16","1,63","0,31","0,69","2,43","10,75","-8,38",SMTO3
"10,37","1,89","3,11","9,51","99,16","18,26","37,03","22,20","24,21","8,23","8,97","7,82","8,53","0,64","1,96","-1,14","12,56","3,76","0,34","29,96","17,31","7,07","0,16","0,41","0,44","0,91","0,21","0,78","3,82","18,95","37,96",DIRR3
"11,25","1,43","1,26","6,64","79,47","12,73","22,10","19,07","25,37","8,04","10,69","5,64","7,51","0,55","6,29","-0,75","8,81","0,99","0,38","11,20","8,38","4,86","0,48","2,17","2,89","0,72","0,44","0,56","1,48","4,22","-5,60",CPLE3
"6,79","2,88","1,57","8,19","38,26","42,41","63,47","73,57","74,26","7,07","7,14","3,88","3,92","0,54","7,97","-0,64","21,18","4,89","0,19","23,08","15,54","8,01","1,30","3,20","3,23","1,40","0,35","0,65","1,85","2,20","-5,73",TAEE11
"0,97","0,15","0,40","0,00","0,00","15,41","19,05","8,39","14,65","-0,61","-1,06","1,02","1,78","0,08","0,87","-0,12","15,14","6,23","0,56","41,18","21,97","8,65","-0,64","-1,63","-2,84","0,00","0,21","0,22","1,44","2,89","27,40",LIGT3
"6,98","1,15","0,87","16,44","115,96","16,42","41,24","29,83","50,69","2,75","4,67","2,26","3,84","0,52","4,13","-0,66","15,21","1,89","0,45","12,43","14,19","7,44","0,19","0,49","0,83","0,42","0,60","0,40","2,47","33,95",,RECV3
"8,23","1,02","1,97","7,37","49,93","12,37","31,69","25,03","30,05","5,26","6,31","3,39","4,07","0,56","-176,23","-0,71","19,31","4,63","0,55","23,97","16,65","7,14","1,09","1,87","2,25","1,27","0,28","0,70","0,99","6,89","8,69",CPFE3
"198,83","0,17","0,36","6,90","1.327,52","0,09","24,81","7,10","8,97","4,45","5,62","1,91","2,41","0,14","0,42","-0,40","11,34","0,02","0,81","0,18","7,80","0,19","0,48","2,54","3,21","0,77","0,38","0,62","2,03","9,14","-47,14",POSI3
"7,08","1,92","0,64","8,27","58,44","27,07","35,19","22,74","24,36","8,88","9,51","7,88","8,44","0,45","1,18","-0,80","22,17","2,00","0,23","9,02","5,13","6,74","0,08","1,00","1,07","0,32","0,70","0,28","7,71","11,75","2,49",EZTC3
"7,05","0,97","3,25","7,49","55,65","13,69","32,98","18,04","18,38","5,52","5,63","5,25","5,35","1,04","1,80","-6,90","3,92","1,81","1,08","46,07","30,38","16,86","0,17","0,27","0,27","0,75","0,32","0,65","3,12","15,78","18,36",PLPL3
"-4,51","0,25","0,29","0,00","0,00","-5,48","23,46","0,41","2,17","14,32","75,27","11,40","59,93","0,16","0,45","-0,49","3,60","-0,23","0,65","-6,35","-1,60","-3,55","0,07","2,92","15,34","0,23","0,56","0,44","2,11",,,MLAS3
"9,68","2,80","2,70","5,79","35,16","28,94","53,62","55,80","65,68","6,92","8,15","4,27","5,02","0,62","17,17","-0,74","14,81","4,12","0,22","27,84","14,55","6,53","1,68","2,66","3,13","2,14","0,23","0,75","1,27","-1,06","4,25",EGIE3
"8,51","0,49","1,63","1,40","11,97","5,82","18,63","8,77","9,49","5,64","6,11","5,21","5,64","0,69","3,40","-1,98","8,33","1,59","1,39","19,11","14,40","8,06","0,13","0,43","0,46","0,53","0,42","0,58","1,45",,,TTEN3
"11,94","2,00","7,60","4,91","59,72","16,77","38,82","21,36","22,12","8,78","9,09","9,05","9,37","1,77","5,07","-4,73","3,89","2,47","0,88","63,68","33,89","15,98","-0,23","-0,27","-0,28","1,13","0,23","0,72","2,26","30,33","422,44",CURY3
"6,67","0,90","1,21","7,69","53,52","13,43","26,23","14,79","18,31","14,08","17,43","4,89","6,05","0,63","1,45","-1,78","4,11","0,75","0,71","18,15","11,42","9,52","-0,03","-0,13","-0,16","0,57","0,52","0,48","3,10","13,55","13,43",SHUL4
"-0,89","0,07","0,13","0,00","0,00","-7,38","28,43","7,53","16,41","3,97","8,66","0,40","0,87","0,04","0,20","-0,06","10,38","-1,51","0,55","-14,55","5,00","-4,00","1,16","3,57","7,78","1,61","0,28","0,72","1,92","16,98",,DASA3
"4,25","1,49","0,86","6,44","19,03","34,97","56,21","38,83","47,13","4,63","5,63","3,15","3,83","0,42","9,56","-0,48","39,82","8,05","0,28","20,21","12,62","9,54","0,40","1,45","1,76","0,55","0,48","0,52","1,47","7,70","18,96",SAPR11
"12,39","3,01","5,11","7,51","138,30","24,29","35,93","31,61","33,86","8,25","8,84","8,89","9,52","3,12","-62,31","-4,31","2,47","1,02","1,04","41,21","36,23","25,14","-0,36","-0,64","-0,68","0,00","0,61","0,39","0,85","5,57","9,33",ODPV3
"5,77","0,25","0,42","10,15","58,41","4,30","31,86","4,41","0,00",,"5,82",,"5,62","0,03","7,72","-0,03","25,84","1,88","0,12","7,26","7,26","0,51",,,,,"0,07","0,93","1,33","16,76","1,07",BRSR6
"-0,23","0,03","0,18","0,00","-2,98","-12,93","11,34","-6,10","-4,75","-7,24","-5,64","-0,64","-0,50","0,04","0,15","-0,08","5,79","-4,58","1,22","-79,07","-12,35","-15,77","1,92","-6,61","-5,14","2,39","0,20","0,80","1,85",,,VVEO3
"1,82","0,76","0,93","49,64","191,66","42,00","41,40","61,01","66,35","1,49","1,62","1,15","1,25","0,32","1,04","-0,51","7,15","3,66","0,42","51,13","33,09","21,18","0,27","0,34","0,37","0,80","0,34","0,41","5,43","22,27","39,28",SYNE3
"4,84","1,11","1,32","8,77","41,08","22,92","41,62","25,61","37,01","4,85","7,01","3,00","4,34","0,50","2,23","-0,74","5,93","1,61","0,45","27,20","10,45","10,26","0,81","1,85","2,67","1,25","0,38","0,62","3,08","10,38","33,05",RANI3
"9,92","0,21","0,24","0,00","0,00","2,15","8,21","3,61","8,28","3,40","7,79","2,58","5,90","0,14","0,42","-0,25","19,37","0,46","0,66","2,37","2,54","1,31","0,04","0,42","0,96","0,32","0,60","0,33","4,16","10,73","-16,26",USIM3
"29,97","1,37","1,45","1,23","35,51","4,58","44,69","3,36","8,74","14,08","36,62","15,71","40,85","0,92","3,48","-1,80","5,93","0,29","0,67","4,83","2,17","3,06","-0,05","-0,55","-1,44","0,22","0,63","0,36","2,17","4,88","8,99",ALPA4
"4,12","1,44","0,83","6,84","19,03","34,97","56,21","38,83","47,13","4,63","5,63","3,06","3,71","0,40","9,26","-0,47","7,96","1,61","0,28","20,21","12,62","9,54","0,40","1,45","1,76","0,55","0,48","0,52","1,47","7,70","18,96",SAPR4
"12,10","0,40","0,73","1,53","27,27","3,31","59,41","8,05","12,66","3,86","6,07","3,16","4,97","0,30","1,46","-0,79","10,78","0,65","0,74","6,05","8,67","2,46","0,16","0,70","1,10","0,37","0,41","0,59","1,49","9,53",,GUAR3
"-22,31","0,48","0,50","0,00","-46,19","-2,13","35,91","28,62","63,01","3,27","7,20","0,76","1,66","0,14","0,79","-0,21","6,60","-0,15","0,29","-2,22","7,62","-0,62","1,65","2,52","5,54","2,27","0,28","0,72","2,19","6,38",,JALL3
"13,99","0,17","0,82","6,48","90,96","1,19","31,86","5,06","8,86","3,08","5,39","1,88","3,29","0,25","1,25","-0,55","4,78","0,28","1,50","5,85","13,57","1,79","0,52","1,20","2,10","0,61","0,30","0,69","1,58","14,82","11,17",PGMN3
"8,16","0,97","1,70","8,70","67,61","11,84","39,07","13,67","0,00",,"7,48",,"7,07","0,12","0,68","-1,87","18,65","3,87","0,13","20,77","21,28","1,53",,,,,"0,07","0,92","1,24","15,22","23,22",ITUB3
"8,77","1,63","2,33","8,75","76,01","18,63","41,88","18,82","22,35","7,32","8,70","7,30","8,68","1,75","3,43","-5,84","8,03","2,14","1,07","26,62","22,85","20,02","0,01","0,02","0,02","0,12","0,75","0,25","3,74","21,75","79,45",VULC3
"-4,51","0,18","0,40","0,00","0,00","-3,92","33,38","1,83","12,32","2,87","19,31","1,43","9,65","0,15","-1,84","-0,18","3,45","-0,30","0,84","-8,81","2,45","-3,28","0,40","1,43","9,66","0,59","0,37","0,63","0,66","14,01",,MEAL3
"13,39","0,64","1,29","3,12","42,71","4,78","38,26","4,53","0,00",,"14,13",,"14,13","0,15","-0,17","-0,15","5,88","0,57","0,23","9,61","5,69","1,11",,,,,"0,11","0,99","0,00","9,37","2,04",BPAN4
"9,81","0,14","0,51","4,06","48,54","1,44","12,00","6,62","9,96","3,91","5,88","1,42","2,13","0,14","0,81","-0,27","28,02","1,47","1,02","5,23","8,04","2,18","0,90","2,49","3,75","1,35","0,28","0,69","1,61","12,34",,MYPK3
"9,78","2,26","0,78","4,71","43,08","23,14","44,48","52,13","61,93","5,18","6,15","3,66","4,34","0,34","2,93","-0,42","52,66","4,20","0,15","7,98","11,34","3,44","0,33","1,55","1,84","0,58","0,43","0,57","2,29","7,57","8,71",ELET6
"19,41","1,43","2,99","2,59","42,71","7,36","33,57","13,35","17,62","10,67","14,08","8,11","10,70","0,94","3,57","-1,84","7,89","1,21","0,66","15,38","9,49","4,98","0,95","2,57","3,39","1,28","0,32","0,68","2,19","21,68","13,01",FRAS3
"7,72","0,13","0,45","6,49","50,19","1,70","19,67","5,12","7,13","6,36","8,84","1,84","2,56","0,13","0,74","-0,32","9,97","0,58","0,99","5,86","6,08","1,68","1,11","4,52","6,29","1,58","0,29","0,71","1,42","10,05","-15,07",CAML3
"7,00","0,22","0,46","11,72","78,56","3,17","48,14","2,02","0,00",,"10,97",,"10,97","0,04","-1,83","-0,26","7,52","0,49","0,18","6,53","1,18","0,62",,,,,"0,09","0,91","0,98","17,55","0,26",BMGB4
"6,74","1,11","1,17","5,54","37,71","16,43","33,77","16,55","17,70","6,67","7,14","6,25","6,69","0,45","1,49","-0,87","18,98","3,29","0,40","17,33","11,18","6,63","0,08","0,42","0,45","0,33","0,38","0,62","2,62","27,07",,MDNE3
"7,32","1,00","0,68","7,70","55,19","13,64","19,68","6,09","16,07","6,48","17,09","6,21","16,39","0,52","2,01","-0,85","9,52","0,88","0,53","9,23","3,38","7,17","-0,14","-1,33","-3,51","0,10","0,78","0,22","3,09","7,02","34,73",FESA4
"-9,82","0,77","0,65","0,00","0,00","-7,88","56,63","-11,09","2,42","1,23","-0,27","32,00","-6,98","0,49","1,26","-1,11","1,55","-0,10","0,63","-6,64","-9,55","-4,95","-0,63","-30,77","6,71","0,00","0,75","0,25","3,20","27,13",,ENJU3
"13,96","0,73","1,04","2,86","40,05","5,26","12,79","8,38","10,14","7,03","8,50","7,24","8,77","0,40","0,78","-1,46","9,96","0,74","0,55","7,43","6,61","4,87","-0,03","-0,22","-0,26","0,63","0,39","0,43","3,46","26,46","19,25",SOJA3
"4,90","0,50","0,79","9,16","45,61","10,20","19,82","11,61","0,00",,"4,30",,"4,30","0,08","0,10","-0,92","26,45","4,27","0,17","16,13","17,83","1,70",,,,,"0,11","0,89","25,57","11,63","26,51",ABCB4
"17,16","0,50","0,82","1,92","33,07","2,90","57,02","14,81","25,15","3,39","5,76","1,98","3,36","0,30","5,23","-0,42","9,73","0,47","0,61","4,79","12,29","1,76","0,59","1,42","2,40","0,84","0,37","0,63","1,26","10,61","-18,32",SEER3
"-4,53","0,76","1,10","1,77","-7,94","-16,83","29,00","-17,68","-12,59","-8,95","-6,37","-6,05","-4,31","0,37","1,63","-0,57","3,88","-0,94","0,49","-24,29","-19,08","-7,99","0,53","-2,89","-2,06","0,98","0,34","0,66","2,95","24,51",,MATD3
"61,98","4,20","5,09","0,00","0,00","6,78","44,69","23,02","41,30","14,11","25,31","10,17","18,25","1,16","9,25","-1,57","9,30","0,76","0,28","8,21","6,71","1,20","1,97","3,93","7,06","2,50","0,23","0,74","1,93","19,11","10,46",ORVR3
"8,62","2,30","1,14","2,93","24,91","26,72","71,15","71,29","75,47","5,95","6,30","3,05","3,23","0,31","2,84","-0,39","25,84","3,43","0,14","13,26","13,78","6,23","1,05","2,80","2,97","1,48","0,27","0,61","2,15","-7,18","-1,13",ALUP11
"6,99","0,91","2,00","3,36","23,26","12,96","62,29","44,13","53,90","1,63","1,99","1,68","2,05","0,46","50,26","-0,62","3,71","1,06","0,51","28,54","40,03","12,26","-0,06","-0,05","-0,06","0,68","0,23","0,53","1,04","10,21","9,46",WIZC3
"8,15","0,40","0,49","4,14","14,21","4,85","34,96","9,47","12,40","6,20","8,12","3,19","4,17","0,25","1,03","-0,58","10,01","0,60","0,62","6,01","6,87","3,01","0,42","2,75","3,60","0,59","0,50","0,50","1,70","-2,37","-21,97",TASA4
"6,61","0,33","0,39","13,42","87,49","5,06","24,83","13,01","9,48","7,82","5,70","3,53","2,57","0,18","0,37","-0,93","9,43","0,56","0,53","5,95","7,77","3,74","0,48","4,29","3,12","0,63","0,45","0,53","2,45","23,32","11,15",MTRE3
"9,38","1,64","1,80","4,43","41,31","17,44","62,94","32,97","47,61","4,96","7,16","3,44","4,96","0,69","3,58","-1,07","6,35","1,22","0,42","19,17","12,81","7,33","0,80","1,52","2,20","1,28","0,38","0,62","2,17","26,41",,MILS3
"-4,96","0,23","1,79","0,00","0,00","-4,61","36,12","4,76","12,44","5,12","13,37","1,84","4,80","0,16","-2,84","-0,25","2,24","-0,81","0,69","-36,12","5,69","-3,16","3,19","3,28","8,57","4,50","0,09","0,91","0,87","13,20",,PTBL3
"13,47","1,13","1,49","6,62","90,43","8,40","23,47","8,07","12,36","6,41","9,82","9,15","14,02","1,07","2,58","-3,17","13,37","1,48","0,94","11,07","7,12","7,96","-0,45","-2,75","-4,21","0,00","0,71","0,28","2,65","55,25","26,51",BMOB3
"-53,05","0,22","0,68","8,36","-503,79","-0,41","17,47","4,55","8,28","5,51","10,03","2,60","4,73","0,21","0,58","-0,59","22,99","-0,30","0,99","-1,29","4,09","-0,39","0,77","2,91","5,30","1,28","0,31","0,69","2,33","19,90",,TUPY3
"9,47","0,69","1,17","7,41","71,32","7,30","49,42","20,05","27,42","3,23","4,42","2,52","3,45","0,38","6,43","-0,49","4,27","0,53","0,55","12,34","18,13","4,00","0,33","0,71","0,97","0,85","0,32","0,68","1,35","7,88",,CSED3
"1,08","0,10","0,05","0,00","0,00","9,60","-5,60","-8,60","-7,11","-20,69","-17,10","-1,46","-1,21","0,02","0,09","-0,05","296,52","14,06","0,20","4,74","-3,99","-0,80","0,67","-19,23","-15,89","0,75","0,40","0,60","1,67","2,21",,GFSA3
"7,63","0,79","4,30","9,32","71,52","10,40","27,77","16,85","19,23","4,89","5,59","4,13","4,71","1,03","6,65","-2,66","6,54","3,69","1,29","56,36","34,94","13,46","0,80","0,77","0,87","1,16","0,24","0,76","1,34","14,86","32,53",LEVE3
"7,76","1,29","1,11","2,64","20,62","16,65","50,81","25,62","46,80","3,60","6,57","2,76","5,04","0,58","5,88","-0,81","3,37","0,48","0,45","14,27","10,88","7,50","0,34","0,84","1,53","0,68","0,53","0,47","1,55",,,FIQE3
"31,05","0,56","2,04","0,35","10,69","1,80","22,09","7,78","12,28","7,42","11,71","4,55","7,18","0,50","1,80","-1,13","7,36","0,48","0,89","6,56","7,46","2,05","1,28","2,87","4,52","2,33","0,24","0,75","1,96","38,91",,PRNR3
"-0,03","0,04","-0,05","0,00","0,00","-142,30","-3,27","-147,31","-121,76","-1,09","-0,90","-0,04","-0,03","0,03","-0,06","-0,03","-21,45","-30,95","0,62","-144,29","-456,64","-103,75","-1,30","-1,05","-0,87","-1,33","-0,62","1,75","0,24","-5,08",,SEQL3
"-6,61","0,20","0,63","0,00","0,00","-3,07","64,73","-0,04","5,01","7,22","-1.029,30","4,05","-578,11","0,22","7,85","-0,29","5,52","-0,52","1,08","-9,48","-1,51","-3,31","0,49","3,16","-451,19","0,74","0,35","0,65","1,14","15,93",,ZAMP3
"8,35","1,27","1,03","2,75","24,47","15,16","38,95","22,12","25,16","5,19","5,90","5,03","5,73","0,65","1,97","-1,25","12,12","1,49","0,52","12,33","11,04","7,71","0,03","0,15","0,17","0,23","0,63","0,36","3,23","8,42","0,84",BLAU3
"6,82","1,53","1,39","8,13","55,95","22,48","34,22","26,28","26,46","7,20","7,25","5,79","5,83","0,69","1,14","-2,96","8,84","1,80","0,45","20,37","15,28","11,81","0,34","1,41","1,42","0,40","0,50","0,50","4,85","34,78","28,52",LAVV3
"7,24","0,16","0,83","8,20","58,57","2,21","16,70","13,24","20,18","4,21","6,42","0,79","1,21","0,12","0,84","-0,19","6,25","0,72","0,74","11,48","11,90","1,63","3,59","3,42","5,21","4,64","0,14","0,86","1,62","26,91","9,39",JSLG3
"14,42","0,28","1,13","3,98","41,02","1,96","31,73","3,99","8,32","5,85","12,22","3,39","7,08","0,44","1,66","-1,01","8,28","0,65","1,57","7,82","7,41","3,07","0,82","2,46","5,13","0,98","0,39","0,61","1,90","12,03","11,65",PNVL3
"-53,12","0,72","1,29","0,00","0,00","-1,36","25,47","14,40","30,85","4,58","9,81","2,34","5,01","0,42","3,18","-0,62","4,72","-0,11","0,58","-2,43","8,45","-0,79","1,24","2,24","4,80","1,68","0,32","0,68","1,67","21,34",,OPCT3
"11,50","0,68","0,84","35,48","407,94","5,88","21,83","6,10","6,49","10,41","11,07","10,43","11,09","0,27","0,55","-1,21","3,95","0,29","0,41","7,28","2,78","4,65","0,00","-0,01","-0,01","0,43","0,33","0,51","2,78","11,66","15,13",MELK3
"43,62","0,37","0,44","0,16","6,89","0,84","33,81","14,50","23,47","3,84","6,21","1,56","2,53","0,17","1,10","-0,31","2,40","0,02","0,45","1,00","7,43","0,36","0,64","2,28","3,69","0,88","0,38","0,62","1,48","14,69","-32,57",ESPA3
"4,63","1,62","0,94","5,42","19,03","34,97","56,21","38,83","47,13","4,63","5,63","3,43","4,17","0,45","10,41","-0,52","7,96","1,61","0,28","20,21","12,62","9,54","0,40","1,45","1,76","0,55","0,48","0,52","1,47","7,70","18,96",SAPR3
"9,86","2,05","0,17","0,00","0,00","20,75","74,09","114,21","117,15","8,84","9,07","1,75","1,79","0,07","1,92","-0,08","19,78","0,34","0,03","1,74","4,53","2,36","0,70","7,09","7,27","0,77","0,40","0,43","1,57","17,18",,HBRE3
"12,69","1,14","2,66","6,25","80,18","9,00","36,72","22,03","32,54","8,01","11,83","3,51","5,18","0,40","3,60","-0,52","1,40","0,29","0,35","20,94","9,02","3,54","3,44","4,55","6,72","4,19","0,15","0,80","1,96","10,93",,KLBN3
"20,07","0,78","0,76","1,57","31,00","3,91","42,24","14,09","43,56","4,01","12,40","1,80","5,57","0,28","-8,57","-0,35","3,51","0,13","0,36","3,78","5,59","1,42","0,93","2,21","6,83","1,23","0,38","0,62","0,84",,,BRST3
"43,90","0,65","0,72","5,76","257,45","1,49","26,32","4,99","5,13","15,02","15,43","12,73","13,07","0,26","0,42","-1,40","9,43","0,16","0,41","1,65","2,12","2,62","0,13","2,29","2,35","0,59","0,37","0,58","4,38","9,40","20,39",EVEN3
"-0,01","0,02","0,00","0,00","0,00","-334,66","9,12","-81,88","-81,52","-1,76","-1,76","-0,03","-0,03","0,01","0,00","-0,02","-241,15","-33,00","0,26","-13,68","6,18","-87,96","-0,06","-1,74","-1,73","-0,06","-6,35","7,49","0,32","-7,96",,PDGR3
"7,62","0,08","0,67","7,78","60,33","1,07","14,84","2,68","3,28","4,82","5,89","2,48","3,04","0,17","1,04","-0,55","10,79","0,95","2,05","8,83","11,87","2,31","0,63","2,33","2,85","0,82","0,25","0,70","1,30","15,02","14,96",PFRM3
"8,02","0,56","0,60","10,41","65,24","7,00","27,85","6,73","11,72","8,24","14,36","4,79","8,35","0,29","0,91","-0,73","13,11","0,98","0,52","7,48","4,33","3,68","0,43","3,45","6,01","0,63","0,49","0,51","2,17","6,05","-11,96",ROMI3
"8,61","4,40","2,03","12,87","112,66","51,05","100,00","5,56","0,00",,"-748,95",,"79,15","0,10","2,54","-9,97","7,58","1,78","0,02","23,53","-2,12","1,21","-19,18",,"-748,95","0,00","0,05","0,95","1,04",,,BRBI11
"4,92","7,93","0,49","9,57","46,43","161,20","97,69","232,52","235,59","7,24","7,33","3,37","3,41","0,25","2,91","-0,32","42,57","4,21","0,03","9,88","8,00","5,17","0,56","3,87","3,92","0,63","0,52","0,48","1,70","10,13","21,05",LOGG3
"9,85","0,89","1,14","6,42","3,37","9,07","32,86","10,85","389,27","0,30","10,72","0,23","8,23","0,73","1,84","-1,97","4,18","0,48","0,81","11,59","7,93","7,36","0,35","0,07","2,49","0,37","0,64","0,36","2,67","8,64","-3,33",VITT3
"5,84","0,82","1,02","12,29","51,21","14,01","35,03","17,18","21,71","3,68","4,65","3,77","4,76","0,61","1,83","-1,25","21,39","3,74","0,74","17,51","14,06","10,40","-0,03","-0,09","-0,12","0,34","0,59","0,40","2,83","2,44",,VLID3
"3,64","0,55","0,46","0,24","0,88","15,15","64,27","21,19","31,17","4,49","6,61","1,77","2,60","0,20","2,36","-0,24","19,44","2,46","0,37","12,68","3,41","5,57","0,71","2,72","4,00","0,93","0,44","0,56","2,15",,,VTRU3
"110,29","15,73","28,68","1,63","152,12","14,26","57,23","20,07","23,41","67,68","78,92","67,21","78,37","16,74","38,35","-53,98","0,51","0,13","1,06","26,00","22,81","15,17","0,20","0,47","0,55","0,30","0,58","0,42","2,72","26,98","37,26",TFCO4
"6,76","1,54","0,96","7,60","51,61","22,84","39,38","29,46","35,25","7,71","9,22","4,38","5,24","0,53","4,52","-0,77","21,13","3,01","0,34","14,27","9,34","7,79","0,73","3,33","3,99","0,77","0,55","0,45","1,58","10,96","22,82",AGRO3
"14,61","0,84","1,03","2,40","35,10","5,76","33,15","7,23","11,12","7,59","11,68","7,57","11,65","0,64","2,27","-1,19","23,47","1,65","0,76","7,04","5,46","4,38","0,00","0,02","0,03","0,29","0,62","0,34","2,56","6,06","-6,01",MDIA3
"5,88","1,01","1,47","13,01","76,79","17,25","19,80","23,79","27,26","3,96","4,54","3,72","4,26","0,64","47,40","-0,85","9,75","2,45","0,64","25,09","17,60","10,96","0,38","0,95","1,09","0,55","0,44","0,56","1,06","9,99","19,58",CMIG3
"6,41","0,89","0,78","4,70","40,88","13,86","29,53","15,35","17,27","6,71","7,54","5,14","5,78","0,37","0,62","-2,34","8,04","0,98","0,42","12,16","7,02","5,99","0,24","1,57","1,76","0,59","0,48","0,51","3,57","8,41","0,34",TRIS3
"6,52","0,88","1,89","8,20","54,02","13,49","24,70","15,90","17,71","6,63","7,39","4,97","5,53","0,83","2,97","-2,09","3,67","1,06","0,94","28,97","14,89","12,84","0,32","0,85","0,95","0,79","0,44","0,55","1,87","20,08","68,13",POMO3
"-0,28","0,23","2,46","0,00","0,00","-81,51","10,79","-63,54","-55,58","-2,64","-2,31","-0,41","-0,35","0,13","-30,97","-0,21","1,79","-15,89","0,58","-889,48","-46,90","-46,89","13,58","-2,24","-1,96","14,59","0,05","0,95","0,99","-11,32",,AERI3
"-3,73","1,40","0,55","0,00","0,00","-37,47","-10,99","13,16","48,52","10,08","37,18","2,88","10,63","0,13","-2,82","-0,15","2,04","-0,30","0,10","-14,86","1,82","-3,57","1,38","7,16","26,40","1,51","0,24","0,76","0,72","33,66",,RNEW4
"-4,64","0,04","0,18","0,00","0,00","-0,81","13,71","2,24","3,98","5,86","10,43","0,94","1,68","0,05","0,21","-0,11","59,72","-2,35","1,24","-3,94","3,44","-1,01","0,95","4,92","8,75","1,31","0,26","1,06","1,61",,,AMOB3
"5,71","0,44","0,89","6,36","36,83","7,72","17,59","11,84","13,45","3,15","3,58","3,28","3,72","0,55","1,25","-1,60","9,15","1,43","1,25","15,64","13,40","9,85","-0,04","-0,13","-0,15","0,24","0,62","0,38","3,06","15,28","2,14",DEXP3
"9,62","1,11","2,36","9,14","84,83","11,55","27,93","13,55","19,43","6,37","9,13","5,72","8,20","0,86","3,95","-1,42","23,41","5,75","0,77","24,57","10,41","8,95","0,37","0,89","1,27","0,93","0,36","0,63","2,24","7,82","11,97",UNIP6
"-3,01","5,25","-2,96","0,00","0,00","-174,27","5,26","-141,30","-129,81","-3,00","-2,76","-4,05","-3,72","1,23","-7,92","-1,83","-0,61","-0,60","0,23","-98,07","79,51","-43,63","0,00","0,00","0,00","0,00","-0,42","1,42","0,68","-17,49",,RCSL3
"-0,07","0,25","-0,02","0,00","0,00","-376,62","-31,37","-80,91","-63,93","-16,10","-12,72","-0,38","-0,30","0,08","-0,02","-0,10","-79,81","-24,24","0,33","-30,37","36,52","-122,93","-0,81","-15,72","-12,42","-0,82","-4,05","5,05","0,06","-34,51",,PMAM3
"-3,86","0,44","2,22","0,00","0,00","-11,49","50,10","4,91","9,95","5,23","10,59","4,45","9,02","0,31","-1,71","-0,43","0,56","-0,32","0,70","-57,46","14,19","-8,08","0,39","0,78","1,58","0,42","0,14","0,86","0,60","-7,65",,AMAR3
"10,27","0,81","0,69","0,45","9,96","7,93","69,74","31,24","50,73","3,57","5,80","1,61","2,61","0,26","5,64","-0,32","11,85","0,79","0,32","6,69","10,78","2,81","0,84","1,97","3,19","1,09","0,38","0,61","1,37",,,DESK3
"8,96","0,21","0,31","3,16","55,59","2,36","19,90","1,87","6,83","4,48","16,35","3,09","11,29","0,19","1,14","-0,32","12,87","0,45","0,90","3,49","-0,80","2,13","0,14","1,39","5,06","0,17","0,61","0,39","1,72","11,52","-29,41",ETER3
"7,52","13,95","1,33","8,56","70,89","185,53","28,63","207,75","222,59","6,48","6,95","6,27","6,72","1,03","19,03","-1,16","7,82","1,38","0,07","17,71","17,51","13,91","0,04","0,21","0,22","0,13","0,78","0,18","1,97","6,88","15,94",ITSA3
"7,60","0,63","0,77","6,74","48,86","8,27","36,44","11,31","0,00",,"5,84",,"5,56","0,08","-0,12","-0,10","16,31","1,65","0,12","10,09","10,85","1,01",,,,,"0,10","0,95","0,24","19,14","-1,49",SANB3
"9,69","2,55","0,71","3,95","66,23","26,33","63,86","53,76","68,83","10,10","12,94","3,71","4,74","0,38","2,83","-0,50","3,44","0,25","0,15","7,29","7,55","3,96","0,42","2,22","2,84","0,81","0,54","0,46","2,16","11,33","11,90",IGTI3
"9,84","1,00","0,91","5,13","51,94","10,21","80,88","21,98","31,40","1,99","2,85","3,20","4,57","0,49","4,51","-0,71","1,52","0,14","0,49","9,25","14,63","8,05","-0,34","-1,21","-1,72","0,00","0,54","0,45","1,56","3,98","20,55",LPSB3
"5,16","0,91","1,30","9,06","47,48","17,59","48,85","20,11","23,37","3,43","3,98","3,88","4,51","1,02","3,04","-2,02","7,01","1,77","1,12","25,25","23,40","19,72","-0,15","-0,45","-0,53","0,01","0,78","0,22","3,09","22,16","27,73",CAMB3
"-107,66","3,51","18,40","0,00","0,00","-3,26","19,34","17,75","28,64","15,44","24,91","12,27","19,80","1,41","4,88","-2,52","7,88","-1,35","0,40","-17,09","9,18","-0,79","4,75","3,17","5,11","8,50","0,08","0,86","2,88","57,90",,AMBP3
"6,77","2,87","1,56","8,20","38,26","42,41","63,47","73,57","74,26","7,07","7,14","3,87","3,91","0,54","7,95","-0,64","7,06","1,63","0,19","23,08","15,54","8,01","1,30","3,20","3,23","1,40","0,35","0,65","1,85","2,20","-5,73",TAEE4
"8,38","0,69","0,85","6,69","48,86","8,27","36,44","11,31","0,00",,"5,84",,"6,13","0,08","-0,13","-0,11","16,31","1,65","0,12","10,09","10,85","1,01",,,,,"0,10","0,95","0,24","19,14","-1,49",SANB4
"-0,90","0,28","0,32","0,00","0,00","-31,51","-8,15","-21,52","-19,95","-6,65","-6,17","-1,42","-1,32","0,10","3,79","-0,15","5,14","-1,84","0,34","-35,79","-10,77","-11,02","1,18","-5,23","-4,85","1,57","0,30","0,69","1,08","18,95",,TCSA3
"6,77","2,87","1,56","8,21","38,26","42,41","63,47","73,57","74,26","7,07","7,14","3,87","3,90","0,54","7,94","-0,64","7,06","1,63","0,19","23,08","15,54","8,01","1,30","3,20","3,23","1,40","0,35","0,65","1,85","2,20","-5,73",TAEE3
"7,52","0,51","2,46","17,95","124,40","6,80","18,11","7,43","8,79","3,99","4,72","5,82","6,88","0,67","15,87","-2,15","1,82","0,60","1,31","32,67","20,63","8,92","-0,64","-1,52","-1,80","0,41","0,27","0,73","1,07","7,30","4,68",WHRL4
"-40,99","0,39","1,85","0,00","0,00","-0,95","33,20","13,58","24,84","3,73","6,83","1,57","2,88","0,26","-2,23","-0,31","1,59","-0,07","0,67","-4,51","15,60","0,13","2,55","2,16","3,96","3,04","0,14","0,85","0,58","20,36",,ALPK3
"4,90",,"0,66","12,73","66,13","0,00","0,00","0,00","0,00","4,82","4,82","5,17","5,17","0,65","9,70","-0,71","22,05","2,97","0,00","13,47","12,75","13,27","-0,08","-0,64","-0,64","0,00","0,99","0,01","5,83","-100,00","-4,47",BRAP3
"3,08","0,50","0,87","4,86","13,22","16,13","29,10","20,74","41,65","1,69","3,39","1,19","2,40","0,45","4,91","-0,79","14,98","4,21","0,91","28,11","23,16","14,70","0,29","0,40","0,81","0,32","0,52","0,48","1,27","18,47","30,29",EALT4
"4,86","0,23","375,31","0,00","0,00","4,73","41,02","13,83","15,60","2,36","2,66","1,47","1,66","0,38","-20,98","-0,83","0,00","0,28","1,67","7.721,40","49,19","7,90","277,35","1,09","1,23","400,27","0,00","1,00","0,97","5,97","12,75",BOBR4
"6,56","0,53","0,59","4,23","28,48","8,13","34,04","14,02","17,50","4,22","5,27","3,04","3,80","0,33","1,60","-0,54","28,64","2,60","0,61","9,07","9,55","4,96","0,22","1,13","1,41","0,40","0,55","0,45","2,06","10,50","10,79",EUCA4
"8,16","5,09","4,25","0,00","0,00","62,35","93,46","3,17","6,06","92,77","177,30","83,97","160,48","3,04","9,97","-4,74","0,78","0,40","0,60","52,13","-47,53","39,44","-0,20","-3,92","-7,50","0,00","0,72","0,23","6,84","0,05","10,55",FICT3
"11,87","0,10","0,26","0,00","0,00","0,81","29,30","2,65","5,27","1,84","3,66","1,82","3,61","0,12","5,00","-0,18","17,83","0,38","1,27","2,15","6,45","1,03","0,00","0,02","0,05","0,04","0,48","0,52","1,08","19,14","176,62",DMVF3
"-0,15","0,03","-0,03","0,00","0,00","-17,66","-13,74","-20,96","-20,42","-0,10","-0,10","-0,13","-0,13","0,02","-0,08","-0,43","-102,21","-19,82","0,84","-19,39","23,02","-14,77","0,01","0,03","0,03","0,00","-0,76","1,76","0,78","38,41",,RPMG3
"-3,80","1,42","0,56","0,00","0,00","-37,47","-10,99","13,16","48,52","10,08","37,18","2,93","10,82","0,14","-2,87","-0,15","2,04","-0,30","0,10","-14,86","1,82","-3,57","1,38","7,16","26,40","1,51","0,24","0,76","0,72","33,66",,RNEW3
"-0,77","0,09","-1,69","0,00","0,00","-11,75","7,72","-1,19","5,03","10,86","-45,96","1,81","-7,64","0,08","0,87","-0,12","-5,31","-11,64","0,83","-219,00","-12,82","-10,51","-8,52","9,09","-38,46","-11,60","-0,04","1,04","1,32","6,16",,BRKM3
"9,06","0,43","0,54","4,45","39,71","4,73","12,41","8,66","13,69","4,32","6,83","3,13","4,95","0,34","1,36","-0,55","27,08","1,61","0,80","5,95","6,70","3,80","0,17","0,96","1,52","0,33","0,63","0,37","2,89","9,54","6,69",GGBR3
"14,75","3,22","0,67","0,00","0,00","21,86","83,42","-44,59","-36,29","4,38","3,57","-8,89","-7,23","0,63","0,68","-25,68","5,77","0,26","0,19","4,53","-9,87","4,25","-1,00","13,27","10,80","0,00","0,94","0,06","16,47","7,81",,REAG3
"-8,51","0,48","0,56","0,00","0,00","-5,65","27,98","10,49","18,24","5,03","8,75","2,63","4,58","0,21","-47,35","-0,28","9,09","-0,59","0,43","-6,53","6,97","-1,94","0,51","2,40","4,17","0,62","0,38","0,61","0,98","6,01",,AALR3
"-6,49","0,28","0,70","0,00","0,00","-4,27","33,58","2,77","10,40","8,27","31,02","2,66","10,00","0,13","0,32","-0,39","1,55","-0,17","0,45","-10,83","1,83","-1,94","1,48","5,60","21,02","2,59","0,18","0,82","2,40","13,06",,PDTC3
"-1,41","0,47","0,41","0,00","0,00","-33,56","19,90","15,07","19,80","10,84","14,24","2,38","3,13","0,10","3,11","-0,14","2,77","-0,82","0,21","-29,49","2,37","-7,09","1,47","8,46","11,11","1,49","0,24","0,76","1,13","14,31",,LUPA3
"10,01","0,49","0,60","3,13","14,21","4,85","34,96","9,47","12,40","6,20","8,12","3,92","5,13","0,30","1,27","-0,71","10,01","0,60","0,62","6,01","6,87","3,01","0,42","2,75","3,60","0,59","0,50","0,50","1,70","-2,37","-21,97",TASA3
"6,10","0,93","0,95","3,97","24,15","15,17","54,67","16,13","19,30","4,95","5,92","4,80","5,74","0,56","1,24","-1,69","6,37","0,99","0,61","15,53","9,81","9,25","0,03","0,15","0,18","0,25","0,60","0,40","3,20","11,32",,TECN3
"6,75","0,14","0,47","16,29","55,23","2,08","12,00","3,42","4,40","3,78","4,87","3,20","4,12","0,22","0,66","-0,74","17,03","1,17","1,54","6,90","7,69","3,22","0,09","0,59","0,75","0,30","0,47","0,53","1,86","2,33","-8,01",ALLD3
"21,44","0,38","0,49","12,97","284,26","1,79","37,70","-2,82","4,66","13,47","-22,27","8,22","-13,58","0,23","3,13","-0,34","2,82","0,06","0,61","2,26","-4,75","1,08","0,31","5,25","-8,68","0,59","0,48","0,52","1,30","9,46","-22,22",UCAS3
"129,51","1,59","0,49","0,00","0,00","1,23","-41,13","19,12","80,01","-0,53","-2,20","1,99","8,34","0,17","0,44","-0,33","15,68","0,06","0,11","0,38","5,53","0,13","-0,88","-3,60","-15,07","0,01","0,36","0,64","6,45","11,03",,TELB4
"-7,38","0,84","0,51","0,00","0,00","-11,31","58,70","-14,88","5,75","6,93","-2,68","14,52","-5,61","0,39","1,75","-0,60","49,01","-3,41","0,46","-6,96","-9,88","-5,22","-0,27","-7,58","2,93","0,04","0,75","0,25","2,54","5,32",,NGRD3
"-3,08","6,36","1,41","0,00","0,00","-206,52","29,79","-208,33","-178,59","-3,21","-2,75","-3,56","-3,05","1,29","5,99","-1,81","4,67","-2,14","0,20","-45,90","-46,61","-42,02","-0,14","0,35","0,30","0,01","0,91","0,09","4,05",,,TRAD3
"-0,55","0,28","0,33","0,00","0,00","-50,60","16,85","-6,58","-2,73","-3,08","-1,28","-10,12","-4,21","0,11","0,68","-0,25","19,07","-11,56","0,39","-60,60","-9,08","-19,25","-0,23","7,04","2,93","0,54","0,32","0,67","1,37","30,94",,SHOW3
"6,95","0,75","1,42","5,12","36,25","10,73","24,92","17,38","23,04","6,34","8,41","3,24","4,29","0,33","5,08","-0,42","7,86","1,60","0,44","20,36","10,24","5,78","1,56","3,57","4,73","2,04","0,23","0,71","1,38","10,93","23,01",ENGI3
"8,14","1,28","1,50","6,23","51,61","15,78","42,13","22,26","32,99","3,81","5,65","3,89","5,77","1,05","16,97","-1,48","11,83","2,19","0,82","18,48","16,91","12,90","-0,03","-0,08","-0,12","0,13","0,70","0,30","1,27","4,86","14,33",CSUD3
"7,40","0,28","0,36","5,51","38,32","3,81","27,19","8,17","31,81","0,35","1,35","0,89","3,45","0,16","0,75","-0,31","10,25","0,50","0,56","4,84","8,06","2,13","-0,22","-0,54","-2,10","0,00","0,44","0,56","1,76",,,LVTC3
"-0,32","17,02","-0,05","0,00","0,00","-5.286,12","-48,00","-2.009,38","-1.838,21","-12,34","-11,29","-0,93","-0,85","0,08","-0,06","-0,09","-32,49","-5,22","0,00","-16,05","17,05","-25,38","-0,64","-11,46","-10,48","-0,64","-1,55","2,55","0,08","8,56",,INEP3
"-0,23","0,05","-0,20","0,00","0,00","-20,93","3,54","-4,51","-3,35","-0,15","-0,11","-1,44","-1,07","0,08","-0,53","-0,26","-20,19","-17,66","1,56","-87,44","43,71","-32,74","0,18","1,29","0,96","-0,02","-0,37","1,37","0,83","15,46",,FHER3
"8,70","0,38","0,64","4,69","35,13","4,38","17,55","13,41","21,47","4,43","7,09","1,78","2,84","0,22","-1,48","-0,28","44,01","3,25","0,58","7,40","10,88","2,56","1,03","2,85","4,56","1,07","0,35","0,65","0,57","8,58","7,91",COCE5
"3,26","0,77","0,60","11,05","36,44","23,65","10,24","25,41","0,00",,"2,99",,"3,03","0,07","0,55","-0,11","119,36","21,99","0,09","18,42","19,66","2,17","-0,01",,"-0,04","0,00","0,12","0,86","1,56","40,54","35,94",BAZA3
"7,97","0,13","0,46","3,74","30,02","1,63","12,41","8,64","13,62","1,92","3,03","0,95","1,50","0,10","0,41","-0,17","19,50","1,13","0,80","5,81","13,02","3,80","0,47","0,97","1,52","0,93","0,22","0,37","2,89","9,54","6,74",GOAU3
"8,31","2,22","1,10","3,07","24,91","26,72","71,15","71,29","75,47","5,95","6,30","2,94","3,12","0,30","2,74","-0,38","8,61","1,14","0,14","13,26","13,78","6,23","1,05","2,80","2,97","1,48","0,27","0,61","2,15","-7,18","-1,13",ALUP4
"100,61","14,44","1,46","0,66","65,63","14,35","93,70","31,99","36,42","43,26","49,26","39,64","45,14","1,12","-71,97","-1,19","7,58","0,11","0,08","1,46","2,69","1,11","0,13","3,62","4,12","0,14","0,76","0,24","0,80",,,LAND3
"-12,56","6,27","3,59","0,00","0,00","-49,89","11,63","-53,18","-45,38","-13,85","-11,81","-13,81","-11,78","2,01","6,52","-4,00","1,98","-0,57","0,32","-28,61","-181,15","-16,04","0,01","-0,04","-0,03","0,46","0,56","0,44","2,64","19,66",,BIOM3
"7,40","0,21","0,97","0,00","0,00","2,88","17,76","7,08","7,48","3,58","3,78","2,85","3,01","0,37","1,18","-1,29","3,22","0,42","1,76","13,17","19,61","5,07","0,25","0,73","0,78","0,31","0,38","0,62","1,81","21,02","10,29",NUTR3
"8,76","0,13","0,20","5,73","50,25","1,53","35,69","21,78","33,19","3,36","5,12","0,40","0,62","0,07","-0,15","-0,07","20,07","0,46","0,48","2,29","11,15","0,64","1,46","2,96","4,50","1,54","0,32","0,67","0,13","6,34","-36,55",TPIS3
"0,17","1,48","-0,17","0,00","0,00","847,38","-103,32","-68,99","-24,65","-24,53","-8,77","-6,00","-2,14","0,12","-1,07","-0,17","-44,41","42,57","0,08","-95,87","34,45","71,55","-0,67","-24,08","-8,61","-0,77","-0,75","1,74","0,70","-29,14",,OIBR4
"-0,04","0,03","-0,05","0,00","0,00","-86,99","-4,18","-59,21","-52,53","-0,77","-0,68","-0,06","-0,05","0,03","-0,03","-0,06","-118,43","-172,09","0,96","-145,31","433,24","-84,39","-0,62","-0,71","-0,63","-0,75","-0,58","1,58","0,33","-3,15",,AGXY3
"-0,27","14,19","-0,04","0,00","0,00","-5.286,12","-48,00","-2.009,38","-1.838,21","-12,34","-11,29","-0,77","-0,71","0,07","-0,05","-0,07","-32,49","-5,22","0,00","-16,05","17,05","-25,38","-0,64","-11,46","-10,48","-0,64","-1,55","2,55","0,08","8,56",,INEP4
"5,62","0,57","1,16","6,15","34,36","10,23","32,29","14,88","0,00",,"3,87",,"3,86","0,07","0,47","-0,09","7,23","1,50","0,12","20,68","20,68","1,24",,,,,"0,06","0,99","3,85","23,80","15,32",BEES3
"-36,32","2,28","0,68","9,69","-349,74","-6,27","40,60","20,99","32,86","13,48","21,10","6,93","10,85","0,38","2,02","-0,51","26,57","-0,50","0,17","-1,88","2,74","10,79","0,64","6,55","10,25","0,76","0,56","0,44","3,95","6,24","27,32",SCAR3
"5,74","0,27","0,42","5,87","33,74","4,69","14,84","6,42","11,24","4,70","8,23","2,40","4,19","0,21","0,61","-0,47","11,03","0,80","0,77","7,28","5,75","4,53","0,27","1,53","2,68","0,73","0,50","0,50","2,56","7,95","11,66",PTNT4
"-8,69","9,12","1,18","43,65","-418,47","-105,05","13,91","-51,42","-37,95","-18,68","-13,78","-24,05","-17,75","0,93","4,01","-1,24","3,68","-0,50","0,10","-13,56","-20,02","-10,73","-0,26","5,37","3,96","0,00","0,79","0,21","13,71","-56,52",,EPAR3
"7,04","0,18","0,72","3,67","42,37","2,54","26,63","9,86","12,85","5,64","7,36","1,39","1,81","0,12","0,44","-0,27","9,43","0,97","0,69","10,27","8,31","3,20","2,20","4,22","5,51","2,93","0,17","0,76","2,06","18,57","-7,02",RAPT3
"9,50","0,96","3,92","11,02","123,52","10,08","27,89","22,83","27,18","6,06","7,22","3,52","4,19","0,74","14,76","-1,01","12,04","4,98","0,78","41,32","18,59","7,84","2,92","2,62","3,12","3,18","0,19","0,81","1,24","6,96","10,24",EKTR4
"-0,71","0,28","0,22","0,00","0,00","-39,35","29,89","-34,81","-34,67","-0,83","-0,83","-0,80","-0,80","0,11","0,64","-0,20","3,71","-1,16","0,40","-31,20","-24,66","-14,51","0,01","-0,03","-0,03","0,15","0,51","0,47","1,71","20,70",,VIVR3
"6,31","0,37","0,78","1,49","14,93","5,79","29,01","8,80","0,00",,"4,19",,"4,16","0,04","0,05","-0,47","10,63","1,31","0,12","12,34","14,38","0,69","-0,04",,"-0,23","0,00","0,06","0,03","33,36","27,93","1,15",BSLI3
"-69,44","0,58","0,63","0,02","-1,69","-0,83","63,27","7,69","19,32","4,35","10,93","2,98","7,50","0,40","4,62","-0,56","9,03","-0,08","0,69","-0,91","6,33","-0,57","0,29","1,37","3,43","0,33","0,63","0,37","1,41","13,53",,VSTE3
"6,95","0,47","2,27","17,10","124,40","6,80","18,11","7,43","8,79","3,99","4,72","5,38","6,36","0,62","14,67","-1,99","1,82","0,60","1,31","32,67","20,63","8,92","-0,64","-1,52","-1,80","0,41","0,27","0,73","1,07","7,30","4,68",WHRL3
"5,19","0,73","0,57","11,85","52,09","14,07","52,20","10,20","14,24","3,17","4,43","5,12","7,16","0,40","1,49","-0,73","47,17","5,16","0,55","10,93","6,33","7,79","-0,22","-1,96","-2,74","0,00","0,71","0,29","2,52","10,34","7,84",CGRA4
"-11,01","0,49","-0,32","0,00","0,00","-4,48","81,88","2,95","20,73","2,04","14,28","2,38","16,71","0,42","-0,36","-0,65","-18,62","-0,55","0,86","-2,94","-1,27","-3,86","0,05","-0,35","-2,42","-0,23","-1,31","2,31","0,23",,,DOTZ3
"8,08","0,47","1,00","1,49","14,93","5,79","29,01","8,80","0,00",,"4,19",,"5,32","0,06","0,06","-0,60","10,63","1,31","0,12","12,34","14,38","0,69","-0,04",,"-0,23","0,00","0,06","0,03","33,36","27,93","1,15",BSLI4
"7,16","1,08","1,67","3,22","21,14","15,12","41,05","21,75","23,50","1,46","1,58","4,60","4,97","1,01","2,86","-2,32","41,32","9,66","0,93","23,37","21,53","14,07","-0,16","-0,43","-0,46","0,06","0,60","0,40","2,65","14,71",,RSUL4
"-0,08","0,08","-0,48","0,00","0,00","-104,72","-23,76","-84,38","-76,84","-1,64","-1,49","-0,11","-0,10","0,02","0,06","-0,28","-3,18","-19,35","0,28","-608,31","-86,72","-29,21","-6,84","-1,53","-1,39","-6,97","-0,05","1,17","1,76","51,02",,JFEN3
"19,84","5,52","4,06","0,71","26,93","27,80","20,14","30,51","0,00",,"14,20",,"18,08","0,49","-34,30","-3,63","5,20","1,06","0,09","20,45","22,18","2,45",,,,,"0,12","0,88","0,98","27,22","30,10",BPAC3
"216,98","2,67","0,82","0,00","0,00","1,23","-41,13","19,12","80,01","-0,53","-2,20","3,34","13,98","0,29","0,74","-0,55","15,68","0,06","0,11","0,38","5,53","0,13","-0,88","-3,60","-15,07","0,01","0,36","0,64","6,45","11,03",,TELB3
"-0,01","0,12","0,00","0,00","0,00","-2.010,93","99,31","-1.412,27","-1.393,09","-7,18","-7,08","-0,01","-0,01","0,01","-0,01","-0,01","-2.750,14","-442,56","0,05","-16,09","74,98","-116,76","-0,80","-7,17","-7,07","-0,80","-6,22","7,21","0,01","47,18",,OSXB3
"8,36","2,32","1,71","1,70","26,93","27,80","20,14","30,51","0,00",,"14,20",,"7,61","0,20","-14,45","-1,53","5,20","1,06","0,09","20,45","22,18","2,45",,,,,"0,12","0,88","0,98","27,22","30,10",BPAC5
"37,56","0,94","2,67","0,00","0,00","2,51","15,78","12,73","22,77","6,21","11,10","4,14","7,41","0,68","25,55","-0,93","9,45","0,67","0,73","7,10","11,46","1,82","1,33","2,06","3,69","1,66","0,26","0,74","1,11","20,49","40,70",LOGN3
"5,64","0,58","1,17","6,07","34,36","10,23","32,29","14,88","0,00",,"3,87",,"3,88","0,07","0,47","-0,09","7,23","1,50","0,12","20,68","20,68","1,24",,,,,"0,06","0,99","3,85","23,80","15,32",BEES4
"6,16","0,26","0,45","9,53","58,41","4,30","31,86","4,41","0,00",,"5,82",,"6,00","0,03","8,24","-0,03","25,84","1,88","0,12","7,26","7,26","0,51",,,,,"0,07","0,93","1,33","16,76","1,07",BRSR3
"6,59","1,14","2,37","11,40","86,75","17,37","31,06","22,79","26,56","5,76","6,72","4,31","5,02","0,74","8,65","-1,10","2,43","0,88","0,65","36,01","18,99","11,21","0,80","1,45","1,69","1,27","0,31","0,69","1,35","13,70","21,96",EQPA3
"5,32","0,57","1,08","6,74","36,25","10,73","24,92","17,38","23,04","6,34","8,41","2,48","3,29","0,25","3,89","-0,32","7,86","1,60","0,44","20,36","10,24","5,78","1,56","3,57","4,73","2,04","0,23","0,71","1,38","10,93","23,01",ENGI4
"9,15","2,44","1,21","2,77","24,91","26,72","71,15","71,29","75,47","5,95","6,30","3,24","3,43","0,33","3,01","-0,42","8,61","1,14","0,14","13,26","13,78","6,23","1,05","2,80","2,97","1,48","0,27","0,61","2,15","-7,18","-1,13",ALUP3
"-3,85","0,64","0,77","0,00","0,00","-16,51","2,03","-5,11","-0,85","-56,49","-9,43","-74,55","-12,45","0,52","1,23","-1,37","20,32","-4,05","0,82","-19,93","-19,93","-13,49","-0,22","21,40","3,57","0,02","0,68","0,32","3,13","-0,54",,CRPG5
"-1,39","0,63","0,30","0,00","0,00","-45,70","-22,40","-15,55","-5,39","-34,17","-11,85","-11,74","-4,07","0,11","1,32","-0,16","9,13","-1,95","0,17","-21,36","-4,49","-7,79","0,76","-30,33","-10,51","0,91","0,36","0,64","1,37","-25,62",,CTSA4
"-28,34","0,48","-3,82","0,00","0,00","-1,70","37,79","22,46","22,69","4,92","4,97","2,13","2,15","0,24","-3,75","-0,39","-0,45","-0,06","0,50","-13,47","22,28","0,69","-5,01","2,79","2,82","-7,67","-0,06","1,04","0,86","30,73",,AVLL3
"8,77","0,65","2,16","2,87","47,09","7,37","48,47","3,04","0,00",,"19,19",,"21,26","0,15","-1,44","-0,66","18,14","4,46","0,23","24,59","9,11","1,76",,,,,"0,07","0,93","0,88","23,20","25,84",BMEB4
"-2,73","0,33","0,24","0,00","0,00","-12,23","40,08","-19,65","-8,72","3,34","1,48","-3,83","-1,70","0,18","0,35","-0,42","19,98","-1,77","0,54","-8,86","-14,44","-6,55","-0,45","7,17","3,18","0,05","0,74","0,26","9,33","-8,00",,WEST3
"9,42","1,12","1,83","3,32","31,76","11,92","50,58","16,85","20,48","6,43","7,82","5,49","6,67","0,92","2,47","-2,36","11,78","2,29","0,82","19,44","13,40","9,75","0,31","0,94","1,14","0,55","0,50","0,50","2,56","7,25","6,61",OFSA3
"-0,94","0,02","2,54","0,00","0,00","-2,61","12,07","5,68","7,91","9,57","13,32","0,31","0,43","0,03","0,18","-0,06","1,61","-4,37","1,24","-271,02","5,99","-3,25","60,45","7,37","10,25","66,91","0,01","0,99","1,56","12,08",,MGEL4
"8,03","3,71","1,30","9,94","82,11","46,17","53,68","59,70","60,82","3,19","3,25","6,10","6,21","0,95","1,85","-2,21","15,47","2,50","0,26","16,18","15,92","15,38","-0,61","-2,87","-2,92","0,00","0,73","0,10","9,39","-22,86","-12,75",CEBR5
"-3,74","1,40","0,56","0,00","0,00","-37,47","-10,99","13,16","48,52","10,08","37,18","2,89","10,66","0,13","-2,83","-0,15","6,11","-0,91","0,10","-14,86","1,82","-3,57","1,38","7,16","26,40","1,51","0,24","0,76","0,72","33,66",,RNEW11
"4,39","0,57","1,15","4,97","38,33","12,88","31,71","23,95","30,32","5,01","6,34","1,87","2,36","0,30","-11,23","-0,36","32,28","8,45","0,54","26,17","16,49","6,67","1,78","2,89","3,66","1,84","0,26","0,74","0,86","8,78","11,83",CEEB3
"16,08","1,74","0,87","5,29","83,02","10,80","36,47","0,30","1,99","210,80","1.415,57","87,35","586,58","0,50","2,28","-0,70","33,33","1,80","0,29","5,41","-0,17","3,09","-0,22","-21,70","-145,70","0,00","0,57","0,43","3,91","6,65","-19,62",EMAE4
"5,22","0,73","0,57","11,79","52,09","14,07","52,20","10,20","14,24","3,17","4,43","5,16","7,20","0,41","1,50","-0,74","47,17","5,16","0,55","10,93","6,33","7,79","-0,22","-1,96","-2,74","0,00","0,71","0,29","2,52","10,34","7,84",CGRA3
"25,85","1,18","1,25","1,32","35,51","4,58","44,69","3,36","8,74","14,08","36,62","13,55","35,23","0,79","3,00","-1,55","5,93","0,29","0,67","4,83","2,17","3,06","-0,05","-0,55","-1,44","0,22","0,63","0,36","2,17","4,88","8,99",ALPA3
"8,46","0,98","2,08","9,31","84,83","11,55","27,93","13,55","19,43","6,37","9,13","5,03","7,22","0,76","3,48","-1,25","23,41","5,75","0,77","24,57","10,41","8,95","0,37","0,89","1,27","0,93","0,36","0,63","2,24","7,82","11,97",UNIP3
"7,78","3,59","1,26","10,14","82,11","46,17","53,68","59,70","60,82","3,19","3,25","5,91","6,02","0,92","1,80","-2,14","15,47","2,50","0,26","16,18","15,92","15,38","-0,61","-2,87","-2,92","0,00","0,73","0,10","9,39","-22,86","-12,75",CEBR3
"5,38","0,36","1,03","9,41","16,68","6,67","17,23","11,83","15,04","4,45","5,66","2,39","3,04","0,30","4,24","-0,43","100,17","19,09","0,82","19,06","13,06","5,48","0,90","2,09","2,65","1,09","0,29","0,71","1,28","4,49","7,26",CLSC4
"5,08","0,76","0,86","8,44","55,16","14,96","61,72","20,12","22,58","2,54","2,85","3,37","3,78","0,56","1,10","-2,08","18,63","3,17","0,74","16,99","16,26","11,17","-0,34","-1,34","-1,50","0,09","0,65","0,36","3,30","4,93","13,85",BALM4
"0,08","0,40","-0,20","0,00","0,00","472,11","153,26","477,15","486,01","0,01","0,01","0,08","0,08","0,28","-0,55","-0,66","-19,02","45,89","0,71","-241,22","-243,84","337,77","0,17","-0,07","-0,07","-0,03","-1,40","2,39","0,53","-23,97",,NEXP3
"9,04","0,91","3,74","10,51","123,52","10,08","27,89","22,83","27,18","6,06","7,22","3,35","3,99","0,71","14,06","-0,96","12,04","4,98","0,78","41,32","18,59","7,84","2,92","2,62","3,12","3,18","0,19","0,81","1,24","6,96","10,24",EKTR3
"17,09","1,78","3,50","1,41","22,93","10,44","25,04","7,79","9,82","6,78","8,54","18,17","22,89","2,41","10,19","-5,16","24,97","5,12","1,35","20,50","13,22","14,08","-0,34","-1,75","-2,20","0,01","0,69","0,31","1,79","6,07","2,67",BAUH4
"-0,69","0,20","0,43","0,00","0,00","-28,54","15,60","0,58","1,93","60.113,94","199.917,26","10,24","34,04","0,07","0,33","-0,14","5,04","-3,16","0,36","-62,76","0,00","-10,07","2.552,16","60.103,70","199.883,22","2.552,29","0,17","0,82","1,79","8,89",,RDNI3
"10,16","0,75","3,24","6,73","67,24","7,35","25,13","17,87","22,90","6,43","8,24","3,26","4,18","0,45","6,13","-0,61","1,97","0,63","0,60","31,93","13,37","6,04","3,15","3,17","4,06","3,88","0,14","0,79","1,38","9,85","8,16",REDE3
"9,73","1,15","12,04","8,48","76,53","11,79","22,49","20,87","25,35","6,24","7,58","4,53","5,50","1,22","9,51","-1,65","10,72","13,26","1,06","123,69","22,85","12,52","5,18","1,95","2,36","5,98","0,10","0,90","1,95","12,36","8,83",CGAS5
"12,22","2,74","2,01","19,46","102,32","22,44","41,18","38,58","71,01","4,08","7,51","3,86","7,11","0,96","-9,11","-1,18","17,91","2,94","0,35","16,41","13,79","7,89","0,11","0,22","0,40","0,37","0,48","0,52","0,63","-3,14","-16,93",GEPA4
"5,81","0,45","0,91","6,47","36,83","7,72","17,59","11,84","13,45","3,15","3,58","3,34","3,79","0,56","1,27","-1,63","9,15","1,43","1,25","15,64","13,40","9,85","-0,04","-0,13","-0,15","0,24","0,62","0,38","3,06","15,28","2,14",DEXP4
"12,80","0,51","-0,62","0,00","0,00","4,00","27,57","14,21","16,44","3,11","3,60","3,11","3,60","0,49","-0,50","-1,12","-42,32","2,04","0,95","-4,83","-14,65","3,82","0,00","0,00","0,00","0,00","-0,79","1,79","0,37","6,91","-2,60",MNPR3
"8,23","3,80","1,33","10,39","82,11","46,17","53,68","59,70","60,82","3,19","3,25","6,24","6,36","0,97","1,90","-2,26","15,47","2,50","0,26","16,18","15,92","15,38","-0,61","-2,87","-2,92","0,00","0,73","0,10","9,39","-22,86","-12,75",CEBR6
"0,15","0,50","-0,04","0,00","0,00","327,60","28,74","-311,91","-311,65","-1,50","-1,50","-0,16","-0,16","0,08","-0,14","-0,17","-47,95","13,63","0,17","-28,42","101,01","54,92","-0,36","-1,34","-1,34","-0,39","-1,93","2,93","0,45","2,06",,RSID3
"-1,01","0,09","-0,13","0,00","0,00","-8,46","19,29","7,50","10,51","9,25","12,96","0,81","1,13","0,06","1,57","-0,08","-53,00","-6,96","0,68","-13,14","20,14","-5,76","-1,38","8,43","11,82","-1,58","-0,44","1,44","1,13","9,85",,CEED3
"3,45","0,39","0,63","15,35","51,28","11,39","38,64","16,06","0,00",,"2,82",,"2,45","0,04","-3,41","-0,09","43,65","7,90","0,11","18,11","23,32","1,25",,,,,"0,07","0,93","0,98","15,23","21,97",BGIP4
"6,15","2,44","0,97","7,74","47,90","39,74","39,29","58,41","58,84","5,94","5,98","4,15","4,18","0,45","3,63","-0,53","31,27","4,93","0,19","15,76","12,90","7,52","0,60","2,55","2,57","0,68","0,47","0,52","5,95","17,19","-0,47",ISAE3
"-8,17",,"-0,51","0,00","0,00","0,00","0,00","0,00","0,00",,"-7,56",,"-8,23","4,27","-58,04","-4,28","-7,04","-0,44","0,00","-6,26","6,21","-52,33","0,00",,"0,00","0,00","-8,36","9,36","0,02","-100,00",,MAPT4
"-4,44","0,73","0,88","0,00","0,00","-16,51","2,03","-5,11","-0,85","-56,49","-9,43","-85,93","-14,35","0,60","1,42","-1,57","20,32","-4,05","0,82","-19,93","-19,93","-13,49","-0,22","21,40","3,57","0,02","0,68","0,32","3,13","-0,54",,CRPG3
"-1,44","0,66","0,31","0,00","0,00","-45,70","-22,40","-15,55","-5,39","-34,17","-11,85","-12,17","-4,22","0,11","1,37","-0,16","9,13","-1,95","0,17","-21,36","-4,49","-7,79","0,76","-30,33","-10,51","0,91","0,36","0,64","1,37","-25,62",,CTSA3
"3,63","0,59","1,02","3,89","13,22","16,13","29,10","20,74","41,65","1,69","3,39","1,41","2,83","0,53","5,79","-0,93","14,98","4,21","0,91","28,11","23,16","14,70","0,29","0,40","0,81","0,32","0,52","0,48","1,27","18,47","30,29",EALT3
"11,33","0,53","0,82","2,91","33,74","4,69","14,84","6,42","11,24","4,70","8,23","4,72","8,27","0,41","1,21","-0,93","11,03","0,80","0,77","7,28","5,75","4,53","0,27","1,53","2,68","0,73","0,50","0,50","2,56","7,95","11,66",PTNT3
"9,65","1,11","2,37","9,48","84,83","11,55","27,93","13,55","19,43","6,37","9,13","5,74","8,23","0,86","3,96","-1,42","23,41","5,75","0,77","24,57","10,41","8,95","0,37","0,89","1,27","0,93","0,36","0,63","2,24","7,82","11,97",UNIP5
"23,43",,"0,35","0,00","47,36","0,00","0,00","0,00","0,00","55,18","36,40","60,68","40,03","0,35","7,42","-0,37","12,84","0,19","0,00","1,50","0,83","1,49","-0,05","-8,50","-5,61","0,00","1,00","0,00","14,69","-100,00","-13,69",RPAD3
"0,89","0,41","-0,89","0,00","0,00","45,45","69,51","73,03","78,46","0,37","0,39","0,52","0,56","0,14","-1,25","-0,17","-4,41","4,41","0,34","-100,00","-149,85","15,52","0,40","-0,23","-0,25","-0,01","-0,16","1,16","0,64","37,59",,HOOT4
"10,40","0,73","0,82","4,50","30,20","7,06","23,76","7,29","9,93","7,07","9,63","7,39","10,08","0,69","1,11","-2,90","52,86","4,18","0,94","7,91","3,08","6,63","-0,33","-2,93","-4,00","0,03","0,84","0,16","5,36","7,21","-8,47",MTSA4
"6,85","0,56","0,62","3,71","28,48","8,13","34,04","14,02","17,50","4,22","5,27","3,18","3,97","0,34","1,67","-0,56","28,64","2,60","0,61","9,07","9,55","4,96","0,22","1,13","1,41","0,40","0,55","0,45","2,06","10,50","10,79",EUCA3
"6,12","0,25","0,96","6,50","44,89","4,08","12,41","6,84","7,07","5,33","5,51","3,53","3,65","0,54","1,57","-1,31","21,82","3,42","2,14","15,69","12,08","8,74","0,42","1,56","1,62","0,53","0,56","0,44","2,36","25,24","18,03",WLMM4
"7,15","0,47","-0,28","0,00","0,00","6,53","24,84","-0,38","1,74","-19,85","90,56","26,90","-122,69","0,21","0,40","-1,95","-4,27","0,17","0,45","-3,90","398,58","2,95","0,55","-53,15","242,46","-0,41","-0,76","1,76","2,43","0,36","-18,71",HAGA4
"19,50","7,19","0,78","2,34","44,70","36,86","58,44","30,99","46,14","14,63","21,79","15,58","23,20","0,54","3,15","-0,68","47,53","1,90","0,08","3,99","2,66","2,77","-0,06","-1,15","-1,72","0,18","0,69","0,31","5,51","-11,66","-40,08",PEAB4
"1,72","0,17","0,54","0,00","0,00","9,64","28,99","15,04","17,39","3,21","3,71","0,95","1,10","0,18","2,59","-0,31","31,52","9,98","1,07","31,67","18,15","10,27","1,22","2,14","2,47","1,25","0,32","0,68","1,19","10,84",,CEDO4
"-19,17",,"1,57","39,53","-1.020,87","0,00","0,00","0,00","0,00","-4,55","-4,54","-6,99","-6,98","0,73","1,45","-1,85","80,88","-6,62","0,00","-8,19","-21,73","-3,83","-0,55","2,44","2,44","0,68","0,47","0,53","6,12","-100,00",,MOAR3
"9,10","1,07","11,25","7,73","76,53","11,79","22,49","20,87","25,35","6,24","7,58","4,23","5,14","1,14","8,89","-1,55","10,72","13,26","1,06","123,69","22,85","12,52","5,18","1,95","2,36","5,98","0,10","0,90","1,95","12,36","8,83",CGAS3
"5,15","0,59","1,71","12,56","0,00","11,54","30,11","15,95","18,57","2,19","2,56","3,20","3,72","1,05","3,61","-2,38","29,12","9,69","1,76","33,29","27,63","20,44","-0,44","-0,81","-0,95","0,00","0,61","0,39","2,07","26,28","2,60",SOND5
"11,91","1,92","1,76","2,26","33,31","16,12","26,46","17,21","19,82","8,09","9,32","9,69","11,15","1,39","3,31","-3,44","110,12","16,28","0,73","14,79","12,14","11,71","-0,21","-1,16","-1,34","0,01","0,79","0,21","3,45","10,29","30,24",TKNO3
"65,85","0,17","1,07","0,00","0,00","0,26","37,67","12,68","14,26","4,59","5,16","1,21","1,36","0,12","-1,24","-0,21","16,14","0,26","0,70","1,62","18,99","0,18","2,98","3,38","3,80","3,00","0,11","0,89","0,81","14,03",,MNDL3
"2,37","0,39","1,12","0,00","0,00","16,64","17,28","12,60","13,04","2,49","2,58","3,03","3,13","0,49","1,55","-0,91","28,40","13,48","1,25","47,45","27,64","20,83","-0,21","-0,57","-0,59","0,02","0,44","0,56","3,30","26,50",,AHEB3
"563,38",,"312,74","0,00","0,00","0,00","0,00","0,00","0,00",,"563,38",,"563,38","3,49",,"-312,74","0,00","0,00","0,00","55,51","55,51","0,62","0,00",,"0,00","0,00","0,01","0,99","1,00","-100,00",,PPLA11
"11,95","11,50","0,87","8,60","100,00","96,24","30,53","-4,01","-0,51","-203,48","-25,96","-2.251,01","-287,21","0,76","1,04","-3,26","454,30","33,13","0,07","7,29","-2,64","6,35","-0,79","2.047,54","261,25","0,02","0,87","0,13","20,54","-6,40","34,07",BMKS3
"12,25","0,80","-0,48","0,00","0,00","6,53","24,84","-0,38","1,74","-19,85","90,56","46,11","-210,32","0,36","0,69","-3,34","-4,27","0,17","0,45","-3,90","398,58","2,95","0,55","-53,15","242,46","-0,41","-0,76","1,76","2,43","0,36","-18,71",HAGA3
"1,76","0,30","11,37","0,00","0,00","16,86","46,54","13,80","16,56","4,94","5,93","1,79","2,14","0,30","0,98","-0,86","2,99","19,36","1,01","647,44","13,64","16,97","20,04","3,15","3,78","23,99","0,03","0,97","1,87","13,39","8,34",CTKA4
"10,76","1,73","1,59","3,85","33,31","16,12","26,46","17,21","19,82","8,09","9,32","8,75","10,08","1,26","2,99","-3,10","110,12","16,28","0,73","14,79","12,14","11,71","-0,21","-1,16","-1,34","0,01","0,79","0,21","3,45","10,29","30,24",TKNO4
"-0,50","0,32","-0,06","0,00","0,00","-63,98","19,03","-36,02","-32,23","-13,53","-12,10","-0,99","-0,89","0,03","-0,05","-0,04","-145,99","-16,80","0,08","-11,51","51,98","-5,08","-0,73","-12,54","-11,22","-0,80","-0,44","1,44","0,46","15,58",,BDLL4
"-1,09","0,05","-0,02","0,00","0,00","-4,31","24,78","29,50","31,38","1,04","1,11","0,15","0,16","0,08","-0,68","-0,19","-158,56","-3,25","1,67","-2,05","-15,79","-6,95","-0,10","0,69","0,74","-0,11","-3,50","4,53","0,84","13,54",,SNSY5
"2,10","0,20","0,67","0,00","0,00","9,64","28,99","15,04","17,39","3,21","3,71","1,17","1,35","0,22","3,17","-0,38","31,52","9,98","1,07","31,67","18,15","10,27","1,22","2,14","2,47","1,25","0,32","0,68","1,19","10,84",,CEDO3
"6,15","1,20","1,10","4,19","20,74","19,59","42,81","35,08","49,87","3,80","5,40","2,42","3,43","0,42","4,38","-0,54","22,79","4,07","0,34","17,84","11,77","6,75","0,59","1,31","1,86","1,07","0,38","0,62","1,67","14,38","26,29",MRSA5B
"10,68","0,43","1,18","19,01","170,03","3,99","12,30","6,16","7,17","6,20","7,22","5,94","6,92","0,58","1,43","-2,19","32,85","3,63","1,35","11,05","7,80","5,39","0,06","0,31","0,36","0,59","0,49","0,51","2,20","8,70","-13,79",PATI3
"-1,25","0,20","-0,06","0,00","0,00","-16,17","41,90","0,14","1,53","55,32","585,17","13,22","139,84","0,10","-0,04","-0,16","-70,89","-3,28","0,50","-4,63","-0,05","-8,06","-0,18","41,13","435,10","-0,18","-1,74","2,74","0,14","3,42",,ESTR4
"12,97","1,77","1,20","3,99","55,19","13,64","19,68","6,09","16,07","6,48","17,09","11,00","29,02","0,93","3,56","-1,51","9,52","0,88","0,53","9,23","3,38","7,17","-0,14","-1,33","-3,51","0,10","0,78","0,22","3,09","7,02","34,73",FESA3
"11,35","1,44","1,27","7,29","79,47","12,73","22,10","19,07","25,37","8,04","10,69","5,69","7,57","0,55","6,34","-0,76","8,81","0,99","0,38","11,20","8,38","4,86","0,48","2,17","2,89","0,72","0,44","0,56","1,48","4,22","-5,60",CPLE5
"-0,50","0,06","-0,12","0,00","0,00","-12,02","13,08","-0,38","3,62","8,64","-81,94","1,64","-15,60","0,11","-0,21","-0,16","-46,45","-11,10","1,81","-23,89","10,97","-21,69","-0,50","6,99","-66,34","-0,54","-0,91","1,91","0,39","25,45",,PLAS3
"5,16","0,59","1,72","12,55","0,00","11,54","30,11","15,95","18,57","2,19","2,56","3,20","3,73","1,05","3,62","-2,38","29,12","9,69","1,76","33,29","27,63","20,44","-0,44","-0,81","-0,95","0,00","0,61","0,39","2,07","26,28","2,60",SOND6
"12,47","3,70","0,40","21,02","135,11","29,66","52,98","-63,92","-61,39","-11,44","-10,99","-6,03","-5,79","0,16","4,86","-0,18","70,91","2,25","0,04","3,17","-5,59","1,27","0,36","-5,42","-5,20","0,43","0,40","0,60","1,37","-7,24","71,36",HBTS5
"1,01","0,09","1,20","0,00","0,00","8,74","12,15","21,95","24,07","1,61","1,77","0,37","0,40","0,08","-0,79","-0,12","9,64","11,43","0,88","118,56","52,87","7,69","4,02","1,23","1,35","4,44","0,06","0,94","0,79","12,96","-1,12",MWET4
"-75,77","0,50","0,46","0,28","-18,59","-0,65","20,16","-2,04","1,33","60,90","-39,63","37,23","-24,23","0,32","0,67","-0,75","9,17","-0,06","0,64","-0,60","-1,64","-0,42","0,11","8,89","-5,79","0,22","0,70","0,30","6,00","4,16",,DOHL4
"1,94","0,52","0,45","6,46","7,06","26,99","29,34","14,77","26,15","1,22","2,16","2,00","3,54","0,32","7,44","-0,37","7,56","1,76","0,61","23,24","-0,65","16,47","0,00","0,02","0,03","0,12","0,71","0,29","1,41","5,28","34,10",LUXM4
"-70,05","0,68","3,83","0,00","0,00","-0,98","16,65","6,99","10,19","9,75","14,21","6,71","9,78","0,81","6,34","-2,58","65,19","-3,57","1,19","-5,47","11,39","-1,70","1,74","3,04","4,43","2,00","0,21","0,79","1,23","9,72",,FRIO3
"1,08","15,66","-0,32","0,00","0,00","1.456,06","82,55","1.394,68","1.394,68","2,21","2,21","1,12","1,12","2,02","-0,31","-2,20","-18,69","5,50","0,13","-29,40","-29,36","188,01","-0,31","1,09","1,09","-0,31","-6,40","7,40","0,01","9,06",,NORD3
"8,10","1,41","2,92","9,28","86,75","17,37","31,06","22,79","26,56","5,76","6,72","5,30","6,18","0,91","10,64","-1,35","2,43","0,88","0,65","36,01","18,99","11,21","0,80","1,45","1,69","1,27","0,31","0,69","1,35","13,70","21,96",EQPA6
"20,18","5,89","1,86","5,74","165,96","29,22","59,71","47,94","48,85","12,27","12,50","12,07","12,30","1,26","9,35","-1,67","3,81","0,35","0,21","9,20","9,63","7,41","0,03","0,20","0,20","0,13","0,68","0,32","2,24","16,09","6,93",AFLT3
"8,68","0,35","0,96","10,33","170,03","3,99","12,30","6,16","7,17","6,20","7,22","4,82","5,62","0,47","1,16","-1,78","32,85","3,63","1,35","11,05","7,80","5,39","0,06","0,31","0,36","0,59","0,49","0,51","2,20","8,70","-13,79",PATI4
"4,59","0,35","0,37","3,22","0,00","7,69","16,77","10,79","20,25","4,14","7,78","1,74","3,27","0,16","-1,22","-0,20","33,42","2,72","0,45","8,15","2,81","3,47","0,51","2,40","4,50","0,55","0,43","0,57","0,62","7,64","69,85",CBEE3
"-100,64",,"131,69","0,00","0,00","0,00","0,00","0,00","0,00","-171,28","-171,28","-172,60","-172,60","0,26","131,69","-0,26","0,05","-0,06","0,00","-130,85","-76,30","-0,26","-1,00","1,31","1,31","0,00","0,00","1,00","27,94",,,PSVM11
"-3,70","0,61","0,74","0,00","0,00","-16,51","2,03","-5,11","-0,85","-56,49","-9,43","-71,69","-11,97","0,50","1,18","-1,31","20,32","-4,05","0,82","-19,93","-19,93","-13,49","-0,22","21,40","3,57","0,02","0,68","0,32","3,13","-0,54",,CRPG6
"13,72","1,67","3,43","4,40","60,38","12,15","26,26","19,42","23,47","10,04","12,14","7,10","8,58","0,96","9,76","-1,33","18,36","4,59","0,58","25,01","12,52","7,02","1,46","3,02","3,65","1,83","0,28","0,72","1,56","10,18","8,20",ENMT4
"-0,75","0,09","-1,64","0,00","0,00","-11,75","7,72","-1,19","5,03","10,86","-45,96","1,75","-7,40","0,07","0,85","-0,11","-5,31","-11,64","0,83","-219,00","-12,82","-10,51","-8,52","9,09","-38,46","-11,60","-0,04","1,04","1,32","6,16",,BRKM6
"-38,01","5,36","28,80","0,00","0,00","-14,10","28,52","-6,77","258,75","5,07","-193,86","2,07","-79,12","3,99","9,00","-44,37","0,10","-0,08","0,74","-75,79","-36,40","-10,50","-0,95","-0,07","2,60","0,00","0,14","0,86","1,95","-18,04",,DTCY3
"-0,01","0,04","-0,01","0,00","0,00","-319,31","66,69","-47,81","-46,66","-25,03","-24,42","-0,10","-0,09","0,01","-0,51","-0,01","-730,91","-304,27","0,15","-41,63","-13,66","-49,37","-1,52","-24,93","-24,33","-1,60","-1,19","2,19","0,92","14,90",,GSHP3
"6,63","0,99","1,13","6,46","55,16","14,96","61,72","20,12","22,58","2,54","2,85","4,40","4,93","0,73","1,43","-2,72","18,63","3,17","0,74","16,99","16,26","11,17","-0,34","-1,34","-1,50","0,09","0,65","0,36","3,30","4,93","13,85",BALM3
"6,18","0,76","1,16","9,58","0,00","12,37","29,44","17,22","21,82","5,66","7,17","3,50","4,44","0,47","38,43","-0,62","24,56","4,63","0,62","18,85","12,79","7,63","0,72","2,16","2,74","0,88","0,40","0,60","1,05",,,EQMA3B
"6,15","1,20","1,10","4,19","20,74","19,59","42,81","35,08","49,87","3,80","5,40","2,42","3,43","0,42","4,38","-0,54","22,79","4,07","0,34","17,84","11,77","6,75","0,59","1,31","1,86","1,07","0,38","0,62","1,67","14,38","26,29",MRSA6B
"4,43","0,57","1,16","4,93","38,33","12,88","31,71","23,95","30,32","5,01","6,34","1,88","2,38","0,31","-11,33","-0,37","32,28","8,45","0,54","26,17","16,49","6,67","1,78","2,89","3,66","1,84","0,26","0,74","0,86","8,78","11,83",CEEB5
"6,52","1,28","1,16","3,59","20,74","19,59","42,81","35,08","49,87","3,80","5,40","2,56","3,64","0,44","4,64","-0,58","22,79","4,07","0,34","17,84","11,77","6,75","0,59","1,31","1,86","1,07","0,38","0,62","1,67","14,38","26,29",MRSA3B
"12,24","2,75","2,01","21,04","102,32","22,44","41,18","38,58","71,01","4,08","7,51","3,87","7,12","0,97","-9,12","-1,18","17,91","2,94","0,35","16,41","13,79","7,89","0,11","0,22","0,40","0,37","0,48","0,52","0,63","-3,14","-16,93",GEPA3
"9,63","1,70","0,57","8,36","29,55","17,62","35,13","29,40","0,00",,"6,78",,"5,77","0,15","-0,26","-0,17","28,96","1,72","0,09","5,93","5,93","1,53","0,00",,"-0,02","0,00","0,26","0,74","0,20","33,23","27,57",BMIN4
"7,37","1,28","2,66","10,20","86,75","17,37","31,06","22,79","26,56","5,76","6,72","4,82","5,62","0,83","9,68","-1,23","2,43","0,88","0,65","36,01","18,99","11,21","0,80","1,45","1,69","1,27","0,31","0,69","1,35","13,70","21,96",EQPA5
"8,52","0,37","0,62","8,57","58,41","4,30","31,86","4,41","0,00",,"5,82",,"8,30","0,04","11,41","-0,04","25,84","1,88","0,12","7,26","7,26","0,51",,,,,"0,07","0,93","1,33","16,76","1,07",BRSR5
"20,03","7,38","0,80","2,18","44,70","36,86","58,44","30,99","46,14","14,63","21,79","16,00","23,82","0,56","3,24","-0,70","47,53","1,90","0,08","3,99","2,66","2,77","-0,06","-1,15","-1,72","0,18","0,69","0,31","5,51","-11,66","-40,08",PEAB3
"9,83","0,43","0,73","4,22","35,13","4,38","17,55","13,41","21,47","4,43","7,09","2,01","3,21","0,25","-1,67","-0,31","44,01","3,25","0,58","7,40","10,88","2,56","1,03","2,85","4,56","1,07","0,35","0,65","0,57","8,58","7,91",COCE3
"3,60","0,92","0,56","6,02","24,00","25,45","43,89","47,15","0,00",,"1,94",,"1,94","0,11","0,44","-1,10","163,42","25,28","0,12","15,47","17,09","3,08",,,,,"0,20","0,80","1,39","16,80","16,46",BNBR3
"7,40","0,55","1,82","3,28","47,09","7,37","48,47","3,04","0,00",,"19,19",,"17,93","0,13","-1,21","-0,56","18,14","4,46","0,23","24,59","9,11","1,76",,,,,"0,07","0,93","0,88","23,20","25,84",BMEB3
"5,26","0,35","1,00","8,21","16,68","6,67","17,23","11,83","15,04","4,45","5,66","2,34","2,97","0,29","4,14","-0,42","100,17","19,09","0,82","19,06","13,06","5,48","0,90","2,09","2,65","1,09","0,29","0,71","1,28","4,49","7,26",CLSC3
