Papel,Ticker_Img
MGLU3,https://investidor10.com.br/storage/companies/66db00b69d4ad.jpg
PETR4,https://investidor10.com.br/storage/companies/63d2c9ead34db.jpg
B3SA3,https://investidor10.com.br/storage/companies/66cc9bbe835dc.jpg
COGN3,https://investidor10.com.br/storage/companies/6822c6161bd41.png
WEGE3,https://investidor10.com.br/storage/companies/66ad4109e41c8.jpg
BBDC4,https://investidor10.com.br/storage/companies/66ad14dc6e8ce.jpg
AZUL4,https://investidor10.com.br/storage/companies/66db24b1839ea.jpg
STBP3,https://investidor10.com.br/storage/companies/66db00d708456.jpg
VALE3,https://investidor10.com.br/storage/companies/66d8a81d2f056.jpg
BBAS3,https://investidor10.com.br/storage/companies/66ad149f52cd4.jpg
RAIZ4,https://investidor10.com.br/storage/companies/67b611aa30998.png
ABEV3,https://investidor10.com.br/storage/companies/66ad41a6082c3.jpg
MRVE3,https://investidor10.com.br/storage/companies/66db00593c19d.jpg
USIM5,https://investidor10.com.br/storage/companies/66cc984b13166.jpg
ASAI3,https://investidor10.com.br/storage/companies/66db00ee1c5a6.jpg
LREN3,https://investidor10.com.br/storage/companies/66d8ad73e5206.jpg
VBBR3,https://investidor10.com.br/storage/companies/677fd4c260a54.png
ITUB4,https://investidor10.com.br/storage/companies/66ace9528ffb2.jpg
VAMO3,https://investidor10.com.br/storage/companies/66db245411a34.jpg
MOTV3,https://investidor10.com.br/storage/companies/66d9ae2305446.jpg
GGBR4,https://investidor10.com.br/storage/companies/66cc914eb1231.jpg
ITSA4,https://investidor10.com.br/storage/companies/66ad451089033.jpg
BEEF3,https://investidor10.com.br/storage/companies/68235f684bf4e.png
CSAN3,https://investidor10.com.br/storage/companies/66d9ad5180e2e.jpg
CVCB3,https://investidor10.com.br/storage/companies/66db003d7bd3c.jpg
MOVI3,https://investidor10.com.br/storage/companies/676570d95f42e.png
CSNA3,https://investidor10.com.br/storage/companies/66d99e1c6bab5.jpg
AURE3,https://investidor10.com.br/storage/companies/66d8d54b7b419.jpg
RAIL3,https://investidor10.com.br/storage/companies/66d8ad9dc1a77.jpg
CMIG4,https://investidor10.com.br/storage/companies/66cc977d99912.jpg
UGPA3,https://investidor10.com.br/storage/companies/66cc9fcf3f7ff.jpg
POMO4,https://investidor10.com.br/storage/companies/66d9a9c3082e8.jpg
CYRE3,https://investidor10.com.br/storage/companies/66d9ad3f64d85.jpg
PRIO3,https://investidor10.com.br/storage/companies/6838b0584e524.png
CPLE6,https://investidor10.com.br/storage/companies/66db019a1b27d.jpg
RENT3,https://investidor10.com.br/storage/companies/66d8adc3dd336.jpg
BPAC11,https://investidor10.com.br/storage/companies/66cc8e7c56df1.jpg
BRAV3,https://investidor10.com.br/storage/companies/66db244b3edeb.jpg
VIVT3,https://investidor10.com.br/storage/companies/66cca176ba537.jpg
TOTS3,https://investidor10.com.br/storage/companies/66db015d296c8.jpg
PCAR3,https://investidor10.com.br/storage/companies/65d34fe0d61b9.jpg
RADL3,https://investidor10.com.br/storage/companies/66d8add078b0d.jpg
HBSA3,https://investidor10.com.br/storage/companies/6840797caea7e.jpg
GOAU4,https://investidor10.com.br/storage/companies/66cc921a1cab9.jpg
BHIA3,https://investidor10.com.br/storage/companies/65312fe0d5400.jpg
BBDC3,https://investidor10.com.br/storage/companies/66ad14dc6e8ce.jpg
LWSA3,https://investidor10.com.br/storage/companies/5ea348a5ababf.jpeg
RCSL4,https://investidor10.com.br/storage/companies/5f5b989c56fe8.jpeg
EMBR3,https://investidor10.com.br/storage/companies/66cc9c0ed8e85.jpg
IFCM3,https://investidor10.com.br/storage/companies/6840864562ccc.jpg
KLBN11,https://investidor10.com.br/storage/companies/66ad48f2d9336.jpg
BBSE3,https://investidor10.com.br/storage/companies/66ad17f2062be.jpg
AZTE3,https://investidor10.com.br/acoes/azte3/assets/images/not-found-thumbnail.png
RAPT4,https://investidor10.com.br/storage/companies/66d9ad2912681.jpg
MRFG3,https://investidor10.com.br/storage/companies/66cc9fa29cc12.jpg
PETR3,https://investidor10.com.br/storage/companies/63d2c9ead34db.jpg
PETZ3,https://investidor10.com.br/storage/companies/66db241d2010d.jpg
SRNA3,https://investidor10.com.br/storage/companies/5ed6844e80925.jpeg
SMFT3,https://investidor10.com.br/storage/companies/66d8ad88a54e5.jpg
CXSE3,https://investidor10.com.br/storage/companies/64df60a96bf0e.jpg
MULT3,https://investidor10.com.br/storage/companies/66d9ad67d4aae.jpg
ELET3,https://investidor10.com.br/storage/companies/66d8b1a3dba6c.jpg
BRKM5,https://investidor10.com.br/storage/companies/66cca010e7887.jpg
CMIN3,https://investidor10.com.br/storage/companies/66d99e13a887b.jpg
EQTL3,https://investidor10.com.br/storage/companies/66d8ada9cd6d8.jpg
CASH3,https://investidor10.com.br/storage/companies/66db243727a49.jpg
BRAP4,https://investidor10.com.br/storage/companies/66ad44c9a1fad.jpg
TIMS3,https://investidor10.com.br/storage/companies/66d8ad4fc3785.jpg
ENEV3,https://investidor10.com.br/storage/companies/66db0177e6bcc.jpg
YDUQ3,https://investidor10.com.br/storage/companies/684086579befb.jpg
FLRY3,https://investidor10.com.br/storage/companies/66cc973fb53f5.jpg
IGTI11,https://investidor10.com.br/storage/companies/5f4d37d5906d8.jpeg
RDOR3,https://investidor10.com.br/storage/companies/68824d679964b.png
HAPV3,https://investidor10.com.br/storage/companies/68407bba7a326.jpg
JHSF3,https://investidor10.com.br/storage/companies/66d8d4ad3737f.jpg
ANIM3,https://investidor10.com.br/storage/companies/66d9aa10b3afb.jpg
CEAB3,https://investidor10.com.br/storage/companies/66db2544e7656.jpg
DXCO3,https://investidor10.com.br/storage/companies/66db25389335d.jpg
BRFS3,https://investidor10.com.br/storage/companies/66d8ad93e2fc3.jpg
ALOS3,https://investidor10.com.br/storage/companies/6723e57717a6e.jpg
SBSP3,https://investidor10.com.br/storage/companies/66d8addba39a7.jpg
AZEV4,https://investidor10.com.br/storage/companies/684083f5071cf.jpg
SUZB3,https://investidor10.com.br/storage/companies/66d8ade633667.jpg
CSMG3,https://investidor10.com.br/storage/companies/66ad521aedb01.jpg
SIMH3,https://investidor10.com.br/storage/companies/5fe8c81f5fafd.jpeg
AZEV3,https://investidor10.com.br/storage/companies/684083f5071cf.jpg
ARML3,https://investidor10.com.br/storage/companies/66db24bde9026.jpg
GGPS3,https://investidor10.com.br/storage/companies/66db24a0bf60f.jpg
INTB3,https://investidor10.com.br/storage/companies/66d9ad7353e55.jpg
NEOE3,https://investidor10.com.br/storage/companies/66cca281b61a3.jpg
ECOR3,https://investidor10.com.br/storage/companies/68824c90f0fa6.png
VIVA3,https://investidor10.com.br/storage/companies/66cc9e6a04778.jpg
GRND3,https://investidor10.com.br/storage/companies/64ee626cb2710.jpg
OIBR3,https://investidor10.com.br/storage/companies/66db00a85b7d3.jpg
SANB11,https://investidor10.com.br/storage/companies/66cc9b5c46f92.jpg
LJQQ3,https://investidor10.com.br/storage/companies/6840843964d31.jpg
CBAV3,https://investidor10.com.br/storage/companies/60bf873780a78.jpg
TEND3,https://investidor10.com.br/storage/companies/5eb1de0700bb5.jpeg
CPLE3,https://investidor10.com.br/storage/companies/66db019a1b27d.jpg
PORT3,https://investidor10.com.br/storage/companies/6840840ad8b56.jpg
ENGI11,https://investidor10.com.br/storage/companies/66db014937944.jpg
HBOR3,https://investidor10.com.br/storage/companies/675755314bad5.png
HYPE3,https://investidor10.com.br/storage/companies/66db015314855.jpg
RECV3,https://investidor10.com.br/storage/companies/66d8b1bc8d813.jpg
SLCE3,https://investidor10.com.br/storage/companies/66db26016db72.jpg
AMER3,https://investidor10.com.br/storage/companies/611c25535b024.jpg
AZZA3,https://investidor10.com.br/storage/companies/66abbf37bd877.jpg
IRBR3,https://investidor10.com.br/storage/companies/66db008f0bcc8.jpg
BRSR6,https://investidor10.com.br/storage/companies/649ca5d54538a.jpg
DIRR3,https://investidor10.com.br/storage/companies/67729b42f0c8e.png
TGMA3,https://investidor10.com.br/storage/companies/5eea7f07ace51.jpeg
KLBN4,https://investidor10.com.br/storage/companies/66ad48f2d9336.jpg
SBFG3,https://investidor10.com.br/storage/companies/66cc9f10a1da1.jpg
KEPL3,https://investidor10.com.br/storage/companies/66d9ad48932fb.jpg
QUAL3,https://investidor10.com.br/storage/companies/66db00718ffed.jpg
CPFE3,https://investidor10.com.br/storage/companies/66db01a89233f.jpg
MLAS3,https://investidor10.com.br/storage/companies/649dd8ba45975.jpg
CURY3,https://investidor10.com.br/storage/companies/67729b01c2f6f.png
GMAT3,https://investidor10.com.br/storage/companies/66db01374f06e.jpg
ONCO3,https://investidor10.com.br/storage/companies/66db252f5d753.jpg
LIGT3,https://investidor10.com.br/storage/companies/66db0062a50fa.jpg
ISAE4,https://investidor10.com.br/storage/companies/673b2f70c4356.jpg
PSSA3,https://investidor10.com.br/storage/companies/66cc96cd93f1c.jpg
SAPR11,https://investidor10.com.br/storage/companies/66d9ad202d185.jpg
SMTO3,https://investidor10.com.br/storage/companies/66d9ad3424cfe.jpg
EZTC3,https://investidor10.com.br/storage/companies/66db257196811.jpg
POSI3,https://investidor10.com.br/storage/companies/66d9a92875dce.jpg
TTEN3,https://investidor10.com.br/storage/companies/66d232b221a20.jpg
ODPV3,https://investidor10.com.br/storage/companies/66cc97d80d31f.jpg
PLPL3,https://investidor10.com.br/storage/companies/66db2412b8386.jpg
TAEE11,https://investidor10.com.br/storage/companies/682343dd0d259.png
DASA3,https://investidor10.com.br/storage/companies/66db24a8bf568.jpg
BPAN4,https://investidor10.com.br/storage/companies/66db00fbb3251.jpg
VVEO3,https://investidor10.com.br/storage/companies/66cc8a26ee224.jpg
ABCB4,https://investidor10.com.br/storage/companies/6781530224ba5.png
BMGB4,https://investidor10.com.br/storage/companies/66d9a94bc4c89.jpg
GUAR3,https://investidor10.com.br/storage/companies/66db247a2ca04.jpg
EGIE3,https://investidor10.com.br/storage/companies/688247d7d726f.png
USIM3,https://investidor10.com.br/storage/companies/66cc984b13166.jpg
ALPA4,https://investidor10.com.br/storage/companies/684083dfea35c.jpg
FRAS3,https://investidor10.com.br/storage/companies/66d9ad7c38495.jpg
SYNE3,https://investidor10.com.br/storage/companies/66d8d5b06b7a3.jpg
SAPR4,https://investidor10.com.br/storage/companies/66d9ad202d185.jpg
MEAL3,https://investidor10.com.br/storage/companies/649ca9abe1ce7.jpg
PGMN3,https://investidor10.com.br/storage/companies/5fe8cf0c5cbaf.jpeg
MYPK3,https://investidor10.com.br/storage/companies/66db2557eeaee.jpg
CAML3,https://investidor10.com.br/storage/companies/649ca7d7ebe7a.jpg
SHUL4,https://investidor10.com.br/storage/companies/66d9a90a47b9d.jpg
RANI3,https://investidor10.com.br/storage/companies/647fbc819194a.jpg
ENJU3,https://investidor10.com.br/storage/companies/66db2426304ed.jpg
JALL3,https://investidor10.com.br/storage/companies/678152f01a353.png
ALUP11,https://investidor10.com.br/storage/companies/5e9e64dcd6771.jpeg
PDGR3,https://investidor10.com.br/storage/companies/5f0cae4468433.jpeg
SOJA3,https://investidor10.com.br/storage/companies/66d9a9aca345f.jpg
MTRE3,https://investidor10.com.br/storage/companies/66db2589dc26e.jpg
TASA4,https://investidor10.com.br/storage/companies/5ebda9027574c.jpeg
ELET6,https://investidor10.com.br/storage/companies/66d8b1a3dba6c.jpg
VULC3,https://investidor10.com.br/storage/companies/66ad46199b867.jpg
BMOB3,https://investidor10.com.br/storage/companies/66db251cd2d30.jpg
MILS3,https://investidor10.com.br/storage/companies/66db24d2be4fd.jpg
FESA4,https://investidor10.com.br/storage/companies/66d9a9325ceaf.jpg
MDNE3,https://investidor10.com.br/storage/companies/5f04b1373b229.jpeg
ITUB3,https://investidor10.com.br/storage/companies/66ace9528ffb2.jpg
MATD3,https://investidor10.com.br/storage/companies/6035129fee786.jpg
GFSA3,https://investidor10.com.br/storage/companies/5eb4660e967ad.jpeg
TUPY3,https://investidor10.com.br/storage/companies/66db0033ac15a.jpg
EVEN3,https://investidor10.com.br/storage/companies/66d9aa1b7db72.jpg
CSED3,https://investidor10.com.br/storage/companies/66d9a9dfe77a7.jpg
LAVV3,https://investidor10.com.br/storage/companies/66d9a977f1e46.jpg
FIQE3,https://investidor10.com.br/storage/companies/66d9a91eab5f6.jpg
WIZC3,https://investidor10.com.br/storage/companies/5ec301fa69eca.jpeg
SEER3,https://investidor10.com.br/storage/companies/5ebed32d65061.jpeg
ORVR3,https://investidor10.com.br/storage/companies/66db24c75041e.jpg
PINE4,https://investidor10.com.br/storage/companies/66d9a9b5e9301.jpg
BLAU3,https://investidor10.com.br/storage/companies/68407bb20fa0b.jpg
JSLG3,https://investidor10.com.br/storage/companies/66db247028785.jpg
PTBL3,https://investidor10.com.br/storage/companies/6840845117d60.jpg
OPCT3,https://investidor10.com.br/storage/companies/6840866a002ca.jpg
HBRE3,https://investidor10.com.br/storage/companies/66db0015e3a6f.jpg
PRNR3,https://investidor10.com.br/storage/companies/5f5b8335a3162.jpeg
MELK3,https://investidor10.com.br/storage/companies/66d9aa06a27e0.jpg
ZAMP3,https://investidor10.com.br/storage/companies/685c494781499.png
LEVE3,https://investidor10.com.br/storage/companies/66cc9d399bfe5.jpg
PNVL3,https://investidor10.com.br/storage/companies/66db250a75bb8.jpg
PFRM3,https://investidor10.com.br/storage/companies/66db259201498.jpg
BRBI11,https://investidor10.com.br/storage/companies/66e4326dbae30.jpg
BRST3,https://investidor10.com.br/storage/companies/649ca76bf2c5e.jpg
SEQL3,https://investidor10.com.br/storage/companies/5f47cdfbe37b5.jpeg
ESPA3,https://investidor10.com.br/storage/companies/6840842cd703d.jpg
TRIS3,https://investidor10.com.br/storage/companies/66db25b3c6d4f.jpg
LOGG3,https://investidor10.com.br/storage/companies/66db25c00a2d4.jpg
POMO3,https://investidor10.com.br/storage/companies/66d9a9c3082e8.jpg
VLID3,https://investidor10.com.br/storage/companies/66d9a9a2a2104.jpg
KLBN3,https://investidor10.com.br/storage/companies/66ad48f2d9336.jpg
RCSL3,https://investidor10.com.br/storage/companies/5f5b989c56fe8.jpeg
RNEW4,https://investidor10.com.br/storage/companies/5f5f67b362f5a.jpeg
VTRU3,https://investidor10.com.br/storage/companies/68262db63158f.png
PMAM3,https://investidor10.com.br/storage/companies/5ebb07f12fe5a.jpeg
MDIA3,https://investidor10.com.br/storage/companies/66cc9cf9e5c39.jpg
SAPR3,https://investidor10.com.br/storage/companies/66d9ad202d185.jpg
AGRO3,https://investidor10.com.br/storage/companies/68407927034e8.jpg
TFCO4,https://investidor10.com.br/storage/companies/68407b9ec8436.jpg
VITT3,https://investidor10.com.br/storage/companies/60059edbeae3c.jpg
AMOB3,https://investidor10.com.br/storage/companies/6760183b2094b.png
ROMI3,https://investidor10.com.br/storage/companies/66d9a9558f70a.jpg
AERI3,https://investidor10.com.br/storage/companies/66db007cadfd5.jpg
AMAR3,https://investidor10.com.br/storage/companies/5eb9c0d8b71f0.jpeg
DEXP3,https://investidor10.com.br/storage/companies/66db26175abb1.jpg
UNIP6,https://investidor10.com.br/storage/companies/649db9f7cbaed.jpg
DESK3,https://investidor10.com.br/storage/companies/684079174b307.jpg
TCSA3,https://investidor10.com.br/storage/companies/5ebec8cb695a7.jpeg
CMIG3,https://investidor10.com.br/storage/companies/66cc977d99912.jpg
TAEE4,https://investidor10.com.br/storage/companies/682343dd0d259.png
ITSA3,https://investidor10.com.br/storage/companies/66ad451089033.jpg
ETER3,https://investidor10.com.br/storage/companies/66d9a9cbab8b3.jpg
CAMB3,https://investidor10.com.br/storage/companies/66db25260d2b2.jpg
ALPK3,https://investidor10.com.br/storage/companies/6840796b69d43.jpg
LPSB3,https://investidor10.com.br/storage/companies/68408442f3877.jpg
BRAP3,https://investidor10.com.br/storage/companies/66ad44c9a1fad.jpg
SANB4,https://investidor10.com.br/storage/companies/66cc9b5c46f92.jpg
WHRL4,https://investidor10.com.br/storage/companies/66db26218df83.jpg
IGTI3,https://investidor10.com.br/storage/companies/5f4d37d5906d8.jpeg
FICT3,https://investidor10.com.br/storage/companies/67d43733b66ea.png
SANB3,https://investidor10.com.br/storage/companies/66cc9b5c46f92.jpg
EUCA4,https://investidor10.com.br/storage/companies/5f15de1848720.jpeg
REAG3,https://investidor10.com.br/storage/companies/684083e9a36a4.jpg
RNEW3,https://investidor10.com.br/storage/companies/5f5f67b362f5a.jpeg
TAEE3,https://investidor10.com.br/storage/companies/682343dd0d259.png
AMBP3,https://investidor10.com.br/storage/companies/66db00cbb368b.jpg
RPMG3,https://investidor10.com.br/storage/companies/5f5f5231ab573.jpeg
PDTC3,https://investidor10.com.br/storage/companies/5f7dd00ce3736.jpeg
EALT4,https://investidor10.com.br/storage/companies/66db2513c0952.jpg
BRKM3,https://investidor10.com.br/storage/companies/66cca010e7887.jpg
GOAU3,https://investidor10.com.br/storage/companies/66cc921a1cab9.jpg
GGBR3,https://investidor10.com.br/storage/companies/66cc914eb1231.jpg
BOBR4,https://investidor10.com.br/storage/companies/66db004685447.jpg
DMVF3,https://investidor10.com.br/storage/companies/66db259a33ab3.jpg
NGRD3,https://investidor10.com.br/storage/companies/5f980aafd7fcf.jpeg
TASA3,https://investidor10.com.br/storage/companies/5ebda9027574c.jpeg
TECN3,https://investidor10.com.br/storage/companies/66db25a39c04e.jpg
AALR3,https://investidor10.com.br/storage/companies/6453e731bf4f1.png
COCE5,https://investidor10.com.br/storage/companies/66db25f570da4.jpg
CSUD3,https://investidor10.com.br/storage/companies/6840867659fee.jpg
LUPA3,https://investidor10.com.br/storage/companies/5efce595ab513.jpeg
ENGI3,https://investidor10.com.br/storage/companies/66db014937944.jpg
UCAS3,https://investidor10.com.br/storage/companies/5f11e292c2406.jpeg
LAND3,https://investidor10.com.br/storage/companies/635aeb31bbebe.jpg
FHER3,https://investidor10.com.br/storage/companies/5ed552dd20e37.jpeg
ALLD3,https://investidor10.com.br/storage/companies/66ad458d3ce52.jpg
TELB4,https://investidor10.com.br/storage/companies/5ebdae82e86ce.jpeg
SHOW3,https://investidor10.com.br/storage/companies/5ebf01793e45d.jpeg
ALUP4,https://investidor10.com.br/storage/companies/5e9e64dcd6771.jpeg
BAZA3,https://investidor10.com.br/storage/companies/66d9a9606777e.jpg
LVTC3,https://investidor10.com.br/storage/companies/60350bf311156.jpg
OIBR4,https://investidor10.com.br/storage/companies/66db00a85b7d3.jpg
INEP3,https://investidor10.com.br/storage/companies/5f7622d1dd989.jpeg
TRAD3,https://investidor10.com.br/storage/companies/649dbd241130b.jpg
NUTR3,https://investidor10.com.br/storage/companies/5f5a535549823.jpeg
SCAR3,https://investidor10.com.br/storage/companies/66d9a99aa573f.jpg
BEES3,https://investidor10.com.br/storage/companies/66d9a96e94c33.jpg
TPIS3,https://investidor10.com.br/storage/companies/5f10bbd47c69e.jpeg
CGRA4,https://investidor10.com.br/storage/companies/649ca93ba72f8.jpg
EKTR4,https://investidor10.com.br/storage/companies/66db245d65c31.jpg
AGXY3,https://investidor10.com.br/storage/companies/649ca3f3e2e91.jpg
INEP4,https://investidor10.com.br/storage/companies/5f7622d1dd989.jpeg
ALUP3,https://investidor10.com.br/storage/companies/5e9e64dcd6771.jpeg
BSLI3,https://investidor10.com.br/storage/companies/684083fed173a.jpg
BIOM3,https://investidor10.com.br/storage/companies/66db24417364e.jpg
EPAR3,https://investidor10.com.br/storage/companies/5f6b5088080da.jpeg
VSTE3,https://investidor10.com.br/storage/companies/649dc568d7079.jpg
VIVR3,https://investidor10.com.br/storage/companies/649dbae7d9a8b.jpg
PTNT4,https://investidor10.com.br/storage/companies/5ebb107d99db0.jpeg
RAPT3,https://investidor10.com.br/storage/companies/66d9ad2912681.jpg
BPAC5,https://investidor10.com.br/storage/companies/66cc8e7c56df1.jpg
BMEB4,https://investidor10.com.br/storage/companies/649ca663f374f.jpg
BEES4,https://investidor10.com.br/storage/companies/66d9a96e94c33.jpg
DOTZ3,https://investidor10.com.br/storage/companies/60350d6a1919d.jpg
BSLI4,https://investidor10.com.br/storage/companies/684083fed173a.jpg
OSXB3,https://investidor10.com.br/storage/companies/5ebaf81df3832.jpeg
PINE3,https://investidor10.com.br/storage/companies/66d9a9b5e9301.jpg
LOGN3,https://investidor10.com.br/storage/companies/5eb9b5c11fa32.jpeg
RSUL4,https://investidor10.com.br/storage/companies/649dbb19f1461.jpg
TELB3,https://investidor10.com.br/storage/companies/5ebdae82e86ce.jpeg
JFEN3,https://investidor10.com.br/storage/companies/5f774a4f9a04b.jpeg
BRSR3,https://investidor10.com.br/storage/companies/649ca5d54538a.jpg
ENGI4,https://investidor10.com.br/storage/companies/66db014937944.jpg
EQPA3,https://investidor10.com.br/storage/companies/66d9aa3e90e2e.jpg
WHRL3,https://investidor10.com.br/storage/companies/66db26218df83.jpg
AVLL3,https://investidor10.com.br/storage/companies/5f47c7ae6fff9.jpeg
CEBR5,https://investidor10.com.br/storage/companies/5f68a6da296dc.jpeg
WEST3,https://investidor10.com.br/storage/companies/60059bed237e7.jpg
CLSC4,https://investidor10.com.br/storage/companies/66db25abbc258.jpg
BPAC3,https://investidor10.com.br/storage/companies/66cc8e7c56df1.jpg
CEBR3,https://investidor10.com.br/storage/companies/5f68a6da296dc.jpeg
RNEW11,https://investidor10.com.br/storage/companies/5f5f67b362f5a.jpeg
CRPG5,https://investidor10.com.br/storage/companies/5ecff1a801f50.jpeg
MGEL4,https://investidor10.com.br/storage/companies/649db9d4db19a.jpg
OFSA3,https://investidor10.com.br/storage/companies/5eea584d5c94f.jpeg
CEEB3,https://investidor10.com.br/storage/companies/66d9a99279503.jpg
ALPA3,https://investidor10.com.br/storage/companies/684083dfea35c.jpg
CTSA4,https://investidor10.com.br/storage/companies/5f60a23c8a802.jpeg
CGRA3,https://investidor10.com.br/storage/companies/649ca93ba72f8.jpg
UNIP3,https://investidor10.com.br/storage/companies/649db9f7cbaed.jpg
BGIP4,https://investidor10.com.br/storage/companies/66d9a9f6d82fa.jpg
EMAE4,https://investidor10.com.br/storage/companies/66db260b38df8.jpg
NEXP3,https://investidor10.com.br/storage/companies/635c2be8b4235.jpg
BAUH4,https://investidor10.com.br/storage/companies/5ed53b44ea64d.jpeg
CGAS5,https://investidor10.com.br/storage/companies/66d8b1ae8e00f.jpg
ISAE3,https://investidor10.com.br/storage/companies/673b2f70c4356.jpg
BALM4,https://investidor10.com.br/storage/companies/672014ddcac80.png
MAPT4,https://investidor10.com.br/storage/companies/6202b6ff17e2e.jpg
MNPR3,https://investidor10.com.br/storage/companies/5f58c21c96aab.jpeg
CEBR6,https://investidor10.com.br/storage/companies/5f68a6da296dc.jpeg
GEPA4,https://investidor10.com.br/storage/companies/5ebc4c586295d.jpeg
RDNI3,https://investidor10.com.br/storage/companies/5eed00aa6fb6e.jpeg
REDE3,https://investidor10.com.br/storage/companies/66d9a9ec2f193.jpg
DEXP4,https://investidor10.com.br/storage/companies/66db26175abb1.jpg
PEAB4,https://investidor10.com.br/storage/companies/649ca87b55d96.jpg
CTSA3,https://investidor10.com.br/storage/companies/5f60a23c8a802.jpeg
EKTR3,https://investidor10.com.br/storage/companies/66db245d65c31.jpg
RPAD3,https://investidor10.com.br/storage/companies/649ca480deb64.jpg
CRPG3,https://investidor10.com.br/storage/companies/5ecff1a801f50.jpeg
CEED3,https://investidor10.com.br/storage/companies/685c4555d622c.png
HOOT4,https://investidor10.com.br/storage/companies/5f75bb7ae4489.jpeg
EALT3,https://investidor10.com.br/storage/companies/66db2513c0952.jpg
MOAR3,https://investidor10.com.br/storage/companies/66db24de777f4.jpg
HAGA4,https://investidor10.com.br/storage/companies/5f50d0e8adb6c.jpeg
EUCA3,https://investidor10.com.br/storage/companies/5f15de1848720.jpeg
PTNT3,https://investidor10.com.br/storage/companies/5ebb107d99db0.jpeg
MTSA4,https://investidor10.com.br/storage/companies/649dbb437b492.jpg
TKNO3,https://investidor10.com.br/storage/companies/5f6201e98a478.jpeg
CGAS3,https://investidor10.com.br/storage/companies/66d8b1ae8e00f.jpg
UNIP5,https://investidor10.com.br/storage/companies/649db9f7cbaed.jpg
RSID3,https://investidor10.com.br/storage/companies/5ebc5ce95ee3a.jpeg
HAGA3,https://investidor10.com.br/storage/companies/5f50d0e8adb6c.jpeg
MRSA5B,https://investidor10.com.br/storage/companies/5f87101593b8d.jpeg
CEDO4,https://investidor10.com.br/storage/companies/5f688fd5168f3.jpeg
SOND5,https://investidor10.com.br/storage/companies/5f7f44104357c.jpeg
WLMM4,https://investidor10.com.br/storage/companies/5f639575a0823.jpeg
MNDL3,https://investidor10.com.br/storage/companies/5f58df70e0dda.jpeg
CPLE5,https://investidor10.com.br/storage/companies/66db019a1b27d.jpg
PPLA11,https://investidor10.com.br/storage/companies/649dd562db78e.jpg
BMKS3,https://investidor10.com.br/storage/companies/5eb05bae5a500.jpeg
AHEB3,https://investidor10.com.br/storage/companies/649dd0d1cc86f.jpg
FESA3,https://investidor10.com.br/storage/companies/66d9a9325ceaf.jpg
CTKA4,https://investidor10.com.br/storage/companies/5f50f0d2ed6fa.jpeg
TKNO4,https://investidor10.com.br/storage/companies/5f6201e98a478.jpeg
HBTS5,https://investidor10.com.br/storage/companies/66db001f4810d.jpg
PATI3,https://investidor10.com.br/storage/companies/6751d7871a776.jpg
BDLL4,https://investidor10.com.br/storage/companies/5ea9bcacc160e.jpeg
SOND6,https://investidor10.com.br/storage/companies/5f7f44104357c.jpeg
ESTR4,https://investidor10.com.br/storage/companies/5eb46d1a15053.jpeg
CEDO3,https://investidor10.com.br/storage/companies/5f688fd5168f3.jpeg
PLAS3,https://investidor10.com.br/storage/companies/5f5b4e69923e4.jpeg
DOHL4,https://investidor10.com.br/storage/companies/649ca8e834f0f.jpg
MWET4,https://investidor10.com.br/storage/companies/5f63552e25ec4.jpeg
AFLT3,https://investidor10.com.br/storage/companies/6840864dc3de3.jpg
PATI4,https://investidor10.com.br/storage/companies/6751d7871a776.jpg
FRIO3,https://investidor10.com.br/storage/companies/649dbaaf945ea.jpg
EQMA3B,https://investidor10.com.br/storage/companies/6744868633013.png
LUXM4,https://investidor10.com.br/storage/companies/5f623fdfc9ad6.jpeg
SNSY5,https://investidor10.com.br/storage/companies/5f7e112714bac.jpeg
NORD3,https://investidor10.com.br/storage/companies/5f7da1c6a5655.jpeg
GSHP3,https://investidor10.com.br/storage/companies/5eb59993a0b7d.jpeg
CBEE3,https://investidor10.com.br/storage/companies/5ea9da5e166bb.jpeg
BRKM6,https://investidor10.com.br/storage/companies/66cca010e7887.jpg
EQPA6,https://investidor10.com.br/storage/companies/66d9aa3e90e2e.jpg
ENMT4,https://investidor10.com.br/storage/companies/66db018d3baab.jpg
BMIN4,https://investidor10.com.br/storage/companies/649ca6860ced4.jpg
CRPG6,https://investidor10.com.br/storage/companies/5ecff1a801f50.jpeg
BALM3,https://investidor10.com.br/storage/companies/672014ddcac80.png
BNBR3,https://investidor10.com.br/storage/companies/66db00c1e996d.jpg
DTCY3,https://investidor10.com.br/storage/companies/5f71edac3dca5.jpeg
CEEB5,https://investidor10.com.br/storage/companies/66d9a99279503.jpg
MRSA3B,https://investidor10.com.br/storage/companies/5f87101593b8d.jpeg
PEAB3,https://investidor10.com.br/storage/companies/649ca87b55d96.jpg
BRSR5,https://investidor10.com.br/storage/companies/649ca5d54538a.jpg
PSVM11,https://investidor10.com.br/storage/companies/6750a4c642ab3.jpg
BMEB3,https://investidor10.com.br/storage/companies/649ca663f374f.jpg
MRSA6B,https://investidor10.com.br/storage/companies/5f87101593b8d.jpeg
EQPA5,https://investidor10.com.br/storage/companies/66d9aa3e90e2e.jpg
GEPA3,https://investidor10.com.br/storage/companies/5ebc4c586295d.jpeg
CLSC3,https://investidor10.com.br/storage/companies/66db25abbc258.jpg
COCE3,https://investidor10.com.br/storage/companies/66db25f570da4.jpg
